-- phpMyAdmin SQL Dump
-- version 4.4.3
-- http://www.phpmyadmin.net
--
-- Host: localhost
-- Generation Time: Jan 14, 2016 at 01:56 PM
-- Server version: 5.6.24
-- PHP Version: 5.6.8

SET SQL_MODE = "NO_AUTO_VALUE_ON_ZERO";
SET time_zone = "+00:00";


/*!40101 SET @OLD_CHARACTER_SET_CLIENT=@@CHARACTER_SET_CLIENT */;
/*!40101 SET @OLD_CHARACTER_SET_RESULTS=@@CHARACTER_SET_RESULTS */;
/*!40101 SET @OLD_COLLATION_CONNECTION=@@COLLATION_CONNECTION */;
/*!40101 SET NAMES utf8 */;

--
-- Database: `commitech-artemis`
--

-- --------------------------------------------------------

--
-- Table structure for table `announcement`
--

CREATE TABLE IF NOT EXISTS `announcement` (
  `id` int(11) NOT NULL,
  `title` text NOT NULL,
  `content` longtext NOT NULL,
  `time` text NOT NULL,
  `timeline` timestamp NOT NULL DEFAULT CURRENT_TIMESTAMP
) ENGINE=InnoDB AUTO_INCREMENT=160 DEFAULT CHARSET=latin1;

--
-- Dumping data for table `announcement`
--

INSERT INTO `announcement` (`id`, `title`, `content`, `time`, `timeline`) VALUES
(1, 'EOD @ YIH Wednesday 11th Mar 2015 20:42 pm', 'Last person on duty: Diana\nPaper: 11 boxes + 2 reams\nCartridge: 2\nReprint Ez-link value: 2.89\nRemarks: n/a', 'Wednesday 11th Mar 2015 20:42 pm', '2015-03-11 12:42:10'),
(2, 'EOD @ CL Wednesday 11th Mar 2015 21:35 pm', 'Last person on duty: Leng Han\nL:100%.\nM:95%.\nR:100%\nCartridge: 4\nReprint Ez-link value: $7.50\nRemarks: n/a', 'Wednesday 11th Mar 2015 21:35 pm', '2015-03-11 13:35:59'),
(3, 'EOD @ YIH Thursday 12th Mar 2015 20:59 pm', 'Last person on duty: Wiliam\nPaper: 10 boxes + 3 reams\nCartridge: 2\nReprint Ez-link value: 2.89\nRemarks: n/a', 'Thursday 12th Mar 2015 20:59 pm', '2015-03-12 12:59:20'),
(4, 'EOD @ CL Thursday 12th Mar 2015 21:43 pm', 'Last person on duty: Irvin\nL:100%.\nM:90%.\nR:100%\nCartridge: 4\nReprint Ez-link value: 7.5\nRemarks: n/a', 'Thursday 12th Mar 2015 21:43 pm', '2015-03-12 13:43:28'),
(5, 'EOD @ YIH Friday 13th Mar 2015 20:52 pm', 'Last person on duty: Wiliam\nPaper: 10 boxes + 0  reams\nCartridge: 4\nReprint Ez-link value: 2.89\nRemarks: n/a', 'Friday 13th Mar 2015 20:52 pm', '2015-03-13 12:52:54'),
(6, 'EOD @ CL Friday 13th Mar 2015 21:49 pm', 'Last person on duty: Timothy\nL:100%.\nM:75%.\nR:100%\nCartridge: 3\nReprint Ez-link value: $7.5\nRemarks: n/a', 'Friday 13th Mar 2015 21:49 pm', '2015-03-13 13:49:37'),
(7, 'EOD @ CL Saturday 14th Mar 2015 21:46 pm', 'Last person on duty: Dian\nL:100%.\nM:90%.\nR:100%\nCartridge: 2\nReprint Ez-link value: 7.5\nRemarks: n/a', 'Saturday 14th Mar 2015 21:46 pm', '2015-03-14 13:46:55'),
(8, 'EOD @ YIH Sunday 15th Mar 2015 14:57 pm', 'Last person on duty: Keng Fai\nPaper: 10 boxes + 0 reams\nCartridge: 4\nReprint Ez-link value: 2.89\nRemarks: n/a', 'Sunday 15th Mar 2015 14:57 pm', '2015-03-15 06:57:15'),
(9, 'EOD @ CL Sunday 15th Mar 2015 16:40 pm', 'Last person on duty: Kevin C\nL: 100%.\nM:67%.\nR:100%\nCartridge: 2\nReprint Ez-link value: -\nRemarks: Cashbox $7.50\n', 'Sunday 15th Mar 2015 16:40 pm', '2015-03-15 08:40:04'),
(10, 'EOD @ YIH Monday 16th Mar 2015 20:56 pm', 'Last person on duty: Yohanes\nPaper: 17 boxes + 1 reams\nCartridge: 4\nReprint Ez-link value: 2.89\nRemarks: n/a', 'Monday 16th Mar 2015 20:56 pm', '2015-03-16 12:56:06'),
(11, 'EOD @ CL Monday 16th Mar 2015 21:49 pm', 'Last person on duty: Sianita\nL:100%.\nM:70%.\nR:100%\nCartridge: 10\nReprint Ez-link value: 7.5\nRemarks: n/a', 'Monday 16th Mar 2015 21:49 pm', '2015-03-16 13:49:34'),
(12, 'EOD @ YIH Tuesday 17th Mar 2015 21:02 pm', 'Last person on duty: Gaby P\nPaper: 16 boxes + 2 reams\nCartridge: 4\nReprint Ez-link value: 20.01\nRemarks: n/a', 'Tuesday 17th Mar 2015 21:02 pm', '2015-03-17 13:02:07'),
(13, 'EOD @ CL Tuesday 17th Mar 2015 21:34 pm', 'Last person on duty: Made\nL:100%.\nM:40%.\nR:100%\nCartridge: 10\nReprint Ez-link value: 7.5\nRemarks: n/a', 'Tuesday 17th Mar 2015 21:34 pm', '2015-03-17 13:34:11'),
(14, 'EOD @ YIH Wednesday 18th Mar 2015 21:04 pm', 'Last person on duty: Gaby P\nPaper: 12 boxes + 2 reams\nCartridge: 4\nReprint Ez-link value: 20.01\nRemarks: n/a', 'Wednesday 18th Mar 2015 21:04 pm', '2015-03-18 13:04:27'),
(15, 'EOD @ CL Wednesday 18th Mar 2015 21:35 pm', 'Last person on duty: Leng Han\nL:100%.\nM:0%.\nR:100%\nCartridge: 9\nReprint Ez-link value: $7.50\nRemarks: n/a', 'Wednesday 18th Mar 2015 21:35 pm', '2015-03-18 13:35:41'),
(16, 'EOD @ YIH Thursday 19th Mar 2015 20:50 pm', 'Last person on duty: Wiliam\nPaper: 12 boxes + 2 reams\nCartridge: 4\nReprint Ez-link value: 20.01\nRemarks: n/a', 'Thursday 19th Mar 2015 20:50 pm', '2015-03-19 12:50:14'),
(17, 'EOD @ CL Thursday 19th Mar 2015 21:46 pm', 'Last person on duty: Erwin\nL:100%.\nM:0%.\nR:90%\nCartridge: 9\nReprint Ez-link value: $7.50\nRemarks: n/a', 'Thursday 19th Mar 2015 21:46 pm', '2015-03-19 13:46:51'),
(18, 'EOD @ CL Friday 20th Mar 2015 21:34 pm', 'Last person on duty: Aditya\nL:100%.\nM:0%.\nR:80%\nCartridge: 9\nReprint Ez-link value: 7.50\nRemarks: n/a', 'Friday 20th Mar 2015 21:34 pm', '2015-03-20 13:34:25'),
(19, 'EOD @ YIH Friday 20th Mar 2015 22:36 pm', 'Last person on duty: Wiliam\nPaper: 11 boxes + 3 reams\nCartridge: 4\nReprint Ez-link value: 20.01\nRemarks: n/a', 'Friday 20th Mar 2015 22:36 pm', '2015-03-20 14:36:40'),
(20, 'EOD @ CL Saturday 21st Mar 2015 21:47 pm', 'Last person on duty: Dian\nL:100%.\nM:0%.\nR:75%\nCartridge: 9\nReprint Ez-link value: 7.50\nRemarks: n/a', 'Saturday 21st Mar 2015 21:47 pm', '2015-03-21 13:47:49'),
(21, 'EOD @ YIH Sunday 22nd Mar 2015 14:57 pm', 'Last person on duty: Keng Fai\nPaper: 11 boxes + 0 reams\nCartridge: 4\nReprint Ez-link value: 20.01\nRemarks: n/a', 'Sunday 22nd Mar 2015 14:57 pm', '2015-03-22 06:57:39'),
(22, 'EOD @ CL Sunday 22nd Mar 2015 16:45 pm', 'Last person on duty: Kevin C\nL:100%.\nM:0%.\nR:65%\nCartridge: 9\nReprint Ez-link value: -\nRemarks: Cash box: 7.5\r\nBooking PC down: but can use supervisor''s PC/laptop to book from the booking system link (written on A4 paper @ supervisor''s desk)\n', 'Sunday 22nd Mar 2015 16:45 pm', '2015-03-22 08:45:56'),
(23, 'EOD @ YIH Monday 23rd Mar 2015 20:52 pm', 'Last person on duty: Wiliam\nPaper: 9 boxes + 3 reams\nCartridge: 4\nReprint Ez-link value: 20.01\nRemarks: n/a', 'Monday 23rd Mar 2015 20:52 pm', '2015-03-23 12:52:14'),
(24, 'EOD @ CL Tuesday 24th Mar 2015 21:38 pm', 'Last person on duty: Erwin\nL:100%.\nM:100%.\nR:100%\nCartridge: 9\nReprint Ez-link value: $7.50\nRemarks: n/a', 'Tuesday 24th Mar 2015 21:38 pm', '2015-03-24 13:38:03'),
(25, 'EOD @ CL Wednesday 25th Mar 2015 21:26 pm', 'Last person on duty: Leng Han\nL:99%.\nM:100%.\nR:100%\nCartridge: 7\nReprint Ez-link value: $7.70\nRemarks: n/a', 'Wednesday 25th Mar 2015 21:26 pm', '2015-03-25 13:26:45'),
(26, 'EOD @ YIH Thursday 26th Mar 2015 08:43 am', 'Last person on duty: Chenxi\nPaper: 15 boxes + 3 reams\nCartridge: 3\nReprint Ez-link value: 20.01\nRemarks: n/a', 'Thursday 26th Mar 2015 08:43 am', '2015-03-26 00:43:23'),
(27, 'EOD @ YIH Thursday 26th Mar 2015 21:12 pm', 'Last person on duty: Chenxi\nPaper: 15 boxes + 0 reams\nCartridge: 3\nReprint Ez-link value: 20.01\nRemarks: n/a', 'Thursday 26th Mar 2015 21:12 pm', '2015-03-26 13:12:15'),
(28, 'EOD @ CL Thursday 26th Mar 2015 21:50 pm', 'Last person on duty: Irvin\r\nL:90%.\r\nM:95%.\r\nR:100%\r\nCartridge: 4\r\nReprint Ez-link value: $7.70\r\nRemarks: n/a', 'Thursday 26th Mar 2015 21:50 pm', '2015-03-26 13:50:44'),
(29, 'EOD @ YIH Friday 27th Mar 2015 21:10 pm', 'Last person on duty: Wiliam\nPaper: 12 boxes + 3 reams\nCartridge: 2\nReprint Ez-link value: 20.01\nRemarks: n/a', 'Friday 27th Mar 2015 21:10 pm', '2015-03-27 13:10:00'),
(30, 'EOD @ CL Friday 27th Mar 2015 21:35 pm', 'Last person on duty: Aditya\nL:90%.\nM:100%.\nR:100%\nCartridge: 7\nReprint Ez-link value: 7.70\nRemarks: n/a', 'Friday 27th Mar 2015 21:35 pm', '2015-03-27 13:35:57'),
(31, 'EOD @ CL Saturday 28th Mar 2015 21:52 pm', 'Last person on duty: Dian\nL:80%.\nM:100%.\nR:100%\nCartridge: 7\nReprint Ez-link value: 7.70\nRemarks: n/a', 'Saturday 28th Mar 2015 21:52 pm', '2015-03-28 13:52:24'),
(32, 'EOD @ CL Monday 30th Mar 2015 21:40 pm', 'Last person on duty: Darryl\nL:100%.\nM:85%.\nR:100%\nCartridge: 7\nReprint Ez-link value: 7.5\nRemarks: n/a', 'Monday 30th Mar 2015 21:40 pm', '2015-03-30 13:40:49'),
(33, 'EOD @ YIH Monday 30th Mar 2015 21:42 pm', 'Last person on duty: Wiliam\nPaper: 12 boxes + 2 reams\nCartridge: 4\nReprint Ez-link value: 20.01\nRemarks: n/a', 'Monday 30th Mar 2015 21:42 pm', '2015-03-30 13:42:38'),
(34, 'EOD @ CL Tuesday 31st Mar 2015 21:30 pm', 'Last person on duty: Made\nL:70%.\nM:90%.\nR:90%\nCartridge: 7\nReprint Ez-link value: $7.70\nRemarks: n/a', 'Tuesday 31st Mar 2015 21:30 pm', '2015-03-31 13:30:10'),
(35, 'EOD @ YIH Wednesday 1st Apr 2015 20:49 pm', 'Last person on duty: Chenxi\nPaper: 17 boxes + 1 reams\nCartridge: 4\nReprint Ez-link value: 20.01\nRemarks: n/a', 'Wednesday 1st Apr 2015 20:49 pm', '2015-04-01 12:49:46'),
(36, 'EOD @ CL Wednesday 1st Apr 2015 21:29 pm', 'Last person on duty: Leng Han\nL:30%.\nM:100%.\nR:100%\nCartridge: 6\nReprint Ez-link value: $7.70\nRemarks: n/a', 'Wednesday 1st Apr 2015 21:29 pm', '2015-04-01 13:29:45'),
(37, 'EOD @ CL Thursday 2nd Apr 2015 21:48 pm', 'Last person on duty: Irvin\nL:30%.\nM:100%.\nR:100%\nCartridge: 6\nReprint Ez-link value: 7.7\nRemarks: n/a', 'Thursday 2nd Apr 2015 21:48 pm', '2015-04-02 13:48:13'),
(38, 'EOD @ YIH Thursday 2nd Apr 2015 21:56 pm', 'Last person on duty: Wiliam\nPaper: 17 boxes + 1 reams\nCartridge: 4\nReprint Ez-link value: 20.01\nRemarks: n/a', 'Thursday 2nd Apr 2015 21:56 pm', '2015-04-02 13:56:18'),
(39, 'EOD @ YIH Friday 3rd Apr 2015 15:48 pm', 'Last person on duty: Diana\nPaper: 17 boxes + 0 reams\nCartridge: 4\nReprint Ez-link value: 20.01\nRemarks: n/a', 'Friday 3rd Apr 2015 15:48 pm', '2015-04-03 07:48:34'),
(40, 'EOD @ CL Friday 3rd Apr 2015 16:44 pm', 'Last person on duty: Desmond\nL:15%.\nM:100%.\nR:100%\nCartridge: how to check cartridge\nReprint Ez-link value: -\nRemarks: n/a', 'Friday 3rd Apr 2015 16:44 pm', '2015-04-03 08:44:23'),
(41, 'EOD @ CL Saturday 4th Apr 2015 21:48 pm', 'Last person on duty: Desmond\nL:10%.\nM:100%.\nR:100%\nCartridge: -\nReprint Ez-link value: -\nRemarks: n/a', 'Saturday 4th Apr 2015 21:48 pm', '2015-04-04 13:48:34'),
(42, 'EOD @ YIH Sunday 5th Apr 2015 14:51 pm', 'Last person on duty: Keng Fai\nPaper: 17 boxes + 0 reams\nCartridge: 4\nReprint Ez-link value: 20.01\nRemarks: n/a', 'Sunday 5th Apr 2015 14:51 pm', '2015-04-05 06:51:58'),
(43, 'EOD @ CL Sunday 5th Apr 2015 16:47 pm', 'Last person on duty: Kevin C\nL:3%.\nM:99%.\nR:98%\nCartridge: 6\nReprint Ez-link value: -\nRemarks: Cashbox: 7.7\n', 'Sunday 5th Apr 2015 16:47 pm', '2015-04-05 08:47:48'),
(44, 'EOD @ YIH Monday 6th Apr 2015 21:02 pm', 'Last person on duty: Gaby P\nPaper: 12 boxes + 1 reams\nCartridge: 4\nReprint Ez-link value: 2.89\nRemarks: n/a', 'Monday 6th Apr 2015 21:02 pm', '2015-04-06 13:02:39'),
(45, 'EOD @ CL Monday 6th Apr 2015 21:46 pm', 'Last person on duty: Sianita\nL:0%.\nM:100%.\nR:95%\nCartridge: 5\nReprint Ez-link value: 7.70\nRemarks: n/a', 'Monday 6th Apr 2015 21:46 pm', '2015-04-06 13:46:10'),
(46, 'EOD @ CL Tuesday 7th Apr 2015 21:46 pm', 'Last person on duty: Kevin C\nL:0%.\nM:90%.\nR:67%\nCartridge: 5\nReprint Ez-link value: -\nRemarks: Cashbox: 7.7\n', 'Tuesday 7th Apr 2015 21:46 pm', '2015-04-07 13:46:42'),
(47, 'EOD @ YIH Wednesday 8th Apr 2015 21:08 pm', 'Last person on duty: Chenxi\nPaper: 11 boxes + 1 reams\nCartridge: 3\nReprint Ez-link value: 20.01\nRemarks: n/a', 'Wednesday 8th Apr 2015 21:08 pm', '2015-04-08 13:08:15'),
(48, 'EOD @ CL Wednesday 8th Apr 2015 21:31 pm', 'Last person on duty: Leng Han\nL:100%.\nM:100%.\nR:100%\nCartridge: 4\nReprint Ez-link value: $7.70\nRemarks: n/a', 'Wednesday 8th Apr 2015 21:31 pm', '2015-04-08 13:31:47'),
(49, 'EOD @ YIH Thursday 9th Apr 2015 21:08 pm', 'Last person on duty: Wiliam\nPaper: 10 boxes + 0 reams\nCartridge: 3\nReprint Ez-link value: 20.01\nRemarks: n/a', 'Thursday 9th Apr 2015 21:08 pm', '2015-04-09 13:08:20'),
(50, 'EOD @ CL Thursday 9th Apr 2015 21:50 pm', 'Last person on duty: Irvin\nL:100%.\nM:90%.\nR:100%\nCartridge: 4\nReprint Ez-link value: 7.70\nRemarks: n/a', 'Thursday 9th Apr 2015 21:50 pm', '2015-04-09 13:50:14'),
(51, 'EOD @ CL Friday 10th Apr 2015 21:39 pm', 'Last person on duty: Aditya\nL:100%.\nM:95%.\nR:100%\nCartridge: 4\nReprint Ez-link value: 7.70\nRemarks: n/a', 'Friday 10th Apr 2015 21:39 pm', '2015-04-10 13:39:47'),
(52, 'EOD @ YIH Sunday 12th Apr 2015 14:56 pm', 'Last person on duty: Keng Fai\nPaper: 8 boxes + 2 reams\nCartridge: 3\nReprint Ez-link value: 20.01\nRemarks: n/a', 'Sunday 12th Apr 2015 14:56 pm', '2015-04-12 06:56:44'),
(53, 'EOD @ CL Sunday 12th Apr 2015 16:47 pm', 'Last person on duty: Desmond\nL:100%.\nM:90%.\nR:100%\nCartridge: order cyan\nReprint Ez-link value: -\nRemarks: -\n', 'Sunday 12th Apr 2015 16:47 pm', '2015-04-12 08:47:52'),
(54, 'EOD @ YIH Monday 13th Apr 2015 21:02 pm', 'Last person on duty: Wiliam\nPaper: 16 boxes + 0 reams\nCartridge: 3\nReprint Ez-link value: 20.01\nRemarks: n/a', 'Monday 13th Apr 2015 21:02 pm', '2015-04-13 13:02:53'),
(55, 'EOD @ CL Monday 13th Apr 2015 21:45 pm', 'Last person on duty: Darryl\nL:100%%.\nM:90%%.\nR:90%%\nCartridge: 4\nReprint Ez-link value: 7.70\nRemarks: N/A\n', 'Monday 13th Apr 2015 21:45 pm', '2015-04-13 13:45:17'),
(56, 'EOD @ YIH Tuesday 14th Apr 2015 21:06 pm', 'Last person on duty: Gaby P\nPaper: 15 boxes + 0 reams\nCartridge: 3\nReprint Ez-link value: 20.01\nRemarks: n/a', 'Tuesday 14th Apr 2015 21:06 pm', '2015-04-14 13:06:46'),
(57, 'EOD @ CL Tuesday 14th Apr 2015 21:47 pm', 'Last person on duty: Made\nL:100%.\nM:60%.\nR:90%\nCartridge: 4\nReprint Ez-link value: $7.70\nRemarks: n/a', 'Tuesday 14th Apr 2015 21:47 pm', '2015-04-14 13:47:43'),
(58, 'EOD @ YIH Wednesday 15th Apr 2015 21:01 pm', 'Last person on duty: Chenxi\nPaper: 14 boxes + 0 reams\nCartridge: 2\nReprint Ez-link value: 20.01\nRemarks: change HA4 toner\n', 'Wednesday 15th Apr 2015 21:01 pm', '2015-04-15 13:01:06'),
(59, 'EOD @ CL Wednesday 15th Apr 2015 21:36 pm', 'Last person on duty: Leng Han\nL:100%.\nM:50%.\nR:100%\nCartridge: 4\nReprint Ez-link value: $7.70\nRemarks: n/a', 'Wednesday 15th Apr 2015 21:36 pm', '2015-04-15 13:36:04'),
(60, 'EOD @ CL Thursday 16th Apr 2015 21:49 pm', 'Last person on duty: Irvin\nL:100%.\nM:50%.\nR:100%\nCartridge: 4\nReprint Ez-link value: 7.70\nRemarks: n/a', 'Thursday 16th Apr 2015 21:49 pm', '2015-04-16 13:49:23'),
(61, 'EOD @ YIH Friday 17th Apr 2015 21:00 pm', 'Last person on duty: Wiliam\nPaper: 10` boxes + 4 reams\nCartridge: 4\nReprint Ez-link value: 20.01\nRemarks: n/a', 'Friday 17th Apr 2015 21:00 pm', '2015-04-17 13:00:32'),
(62, 'EOD @ CL Friday 17th Apr 2015 21:55 pm', 'Last person on duty: Danny\nL:100%.\nM:20%.\nR:100%\nCartridge: 2\nReprint Ez-link value: $7.70\nRemarks: n/a', 'Friday 17th Apr 2015 21:55 pm', '2015-04-17 13:55:58'),
(63, 'EOD @ CL Saturday 18th Apr 2015 21:50 pm', 'Last person on duty: Dian\nL:100%.\nM:5%.\nR:100%\nCartridge: 2\nReprint Ez-link value: 7.70\nRemarks: n/a', 'Saturday 18th Apr 2015 21:50 pm', '2015-04-18 13:50:05'),
(64, 'EOD @ YIH Sunday 19th Apr 2015 15:01 pm', 'Last person on duty: Keng Fai\nPaper: 10 boxes + 2 reams\nCartridge: 4\nReprint Ez-link value: 20.01\nRemarks: n/a', 'Sunday 19th Apr 2015 15:01 pm', '2015-04-19 07:01:44'),
(65, 'EOD @ CL Sunday 19th Apr 2015 16:50 pm', 'Last person on duty: Kevin C\nL:100%.\nM:2%.\nR:100%\nCartridge: 2\nReprint Ez-link value: -\nRemarks: Cashbox: 7.70\n', 'Sunday 19th Apr 2015 16:50 pm', '2015-04-19 08:50:49'),
(66, 'EOD @ YIH Monday 20th Apr 2015 20:58 pm', 'Last person on duty: Aditya\nPaper: 9 boxes + 0 reams\nCartridge: 4\nReprint Ez-link value: 20.01\nRemarks: n/a', 'Monday 20th Apr 2015 20:58 pm', '2015-04-20 12:58:59'),
(67, 'EOD @ CL Monday 20th Apr 2015 21:36 pm', 'Last person on duty: Wiliam\nL:98%.\nM:0%.\nR:100%\nCartridge: 2\nReprint Ez-link value: 7.70\nRemarks: n/a', 'Monday 20th Apr 2015 21:36 pm', '2015-04-20 13:36:17'),
(68, 'EOD @ CL Tuesday 21st Apr 2015 21:46 pm', 'Last person on duty: Hisyam\nL:95%.\nM:100%.\nR:100%\nCartridge: 4\nReprint Ez-link value: 7.70\nRemarks: n/a', 'Tuesday 21st Apr 2015 21:46 pm', '2015-04-21 13:46:15'),
(69, 'EOD @ YIH Wednesday 22nd Apr 2015 21:23 pm', 'Last person on duty: Wiliam\nPaper: 6 boxes + 2 reams\nCartridge: 4\nReprint Ez-link value: 20.01\nRemarks: n/a', 'Wednesday 22nd Apr 2015 21:23 pm', '2015-04-22 13:23:42'),
(70, 'EOD @ CL Wednesday 22nd Apr 2015 21:28 pm', 'Last person on duty: Leng Han\nL:70%.\nM:100%.\nR:100%\nCartridge: 9\nReprint Ez-link value: $7.70\nRemarks: Change R1 Toner\n', 'Wednesday 22nd Apr 2015 21:28 pm', '2015-04-22 13:28:57'),
(71, 'EOD @ YIH Thursday 23rd Apr 2015 20:43 pm', 'Last person on duty: Kevin C\nPaper: 12 boxes + 0 reams\nCartridge: 4\nReprint Ez-link value: 20.01\nRemarks: Color toner:\r\nBlack 1, Blue 1\n', 'Thursday 23rd Apr 2015 20:43 pm', '2015-04-23 12:43:16'),
(72, 'EOD @ CL Thursday 23rd Apr 2015 21:43 pm', 'Last person on duty: Diana\nL:70%.\nM:90%.\nR:90%\nCartridge: 9\nReprint Ez-link value: 7.7\nRemarks: n/a', 'Thursday 23rd Apr 2015 21:43 pm', '2015-04-23 13:43:05'),
(73, 'EOD @ YIH Friday 24th Apr 2015 21:25 pm', 'Last person on duty: Wai Kit\nPaper: 12 boxes + 0 reams\nCartridge: 4 \nReprint Ez-link value: 20.01\nRemarks: n/a', 'Friday 24th Apr 2015 21:25 pm', '2015-04-24 13:25:40'),
(74, 'EOD @ YIH Saturday 25th Apr 2015 16:50 pm', 'Last person on duty: Chenxi\nPaper: 10 boxes + 2 reams\nCartridge: 4\nReprint Ez-link value: 20.01\nRemarks: n/a', 'Saturday 25th Apr 2015 16:50 pm', '2015-04-25 08:50:40'),
(75, 'EOD @ CL Saturday 25th Apr 2015 21:51 pm', 'Last person on duty: Gaby P\nL:10%.\nM:100%.\nR:100%\nCartridge: 10\nReprint Ez-link value: 7.7\nRemarks: n/a', 'Saturday 25th Apr 2015 21:51 pm', '2015-04-25 13:51:05'),
(76, 'EOD @ YIH Sunday 26th Apr 2015 14:59 pm', 'Last person on duty: Keng Fai\nPaper: 10 boxes + 0 reams\nCartridge: 3\nReprint Ez-link value: 20.01\nRemarks: n/a', 'Sunday 26th Apr 2015 14:59 pm', '2015-04-26 06:59:38'),
(77, 'EOD @ CL Sunday 26th Apr 2015 16:35 pm', 'Last person on duty: Diana\nL:30%.\nM:90%.\nR:100%\nCartridge: 9\nReprint Ez-link value: 7.7\nRemarks: Booking system keeps hanging. Need to restart several times.\n', 'Sunday 26th Apr 2015 16:35 pm', '2015-04-26 08:35:57'),
(78, 'EOD @ YIH Monday 27th Apr 2015 20:53 pm', 'Last person on duty: Wiliam\nPaper: 9 boxes + 1 reams\nCartridge: 3\nReprint Ez-link value: 20.01\nRemarks: n/a', 'Monday 27th Apr 2015 20:53 pm', '2015-04-27 12:53:01'),
(79, 'EOD @ CL Monday 27th Apr 2015 21:39 pm', 'Last person on duty: Chenxi\nL:5%.\nM:100%.\nR:100%\nCartridge: 8\nReprint Ez-link value: 7.70\nRemarks: replaced R0 toner\n', 'Monday 27th Apr 2015 21:39 pm', '2015-04-27 13:39:22'),
(80, 'EOD @ YIH Tuesday 28th Apr 2015 20:50 pm', 'Last person on duty: Wai Kit\nPaper: 6 boxes + 2 reams\nCartridge: 3\nReprint Ez-link value: 20.01\nRemarks: n/a', 'Tuesday 28th Apr 2015 20:50 pm', '2015-04-28 12:50:51'),
(81, 'EOD @ CL Tuesday 28th Apr 2015 21:26 pm', 'Last person on duty: Leng Han\nL:0%.\nM:95%.\nR:100%\nCartridge: 7\nReprint Ez-link value: $7.70\nRemarks: Change R2 toner\n', 'Tuesday 28th Apr 2015 21:26 pm', '2015-04-28 13:27:01'),
(82, 'EOD @ YIH Wednesday 29th Apr 2015 21:02 pm', 'Last person on duty: Wai Kit\nPaper: 15 boxes + 1 reams\nCartridge: 2\nReprint Ez-link value: 20.01\nRemarks: n/a', 'Wednesday 29th Apr 2015 21:02 pm', '2015-04-29 13:02:15'),
(83, 'EOD @ CL Wednesday 29th Apr 2015 21:40 pm', 'Last person on duty: Leng Han\nL:0%.\nM:95%.\nR:100%\nCartridge: 7\nReprint Ez-link value: $7.70\nRemarks: n/a', 'Wednesday 29th Apr 2015 21:40 pm', '2015-04-29 13:40:35'),
(84, 'EOD @ YIH Thursday 30th Apr 2015 20:54 pm', 'Last person on duty: Diana\nPaper: 24 boxes + 2 reams\nCartridge: 4\nReprint Ez-link value: 19.11\nRemarks: n/a', 'Thursday 30th Apr 2015 20:54 pm', '2015-04-30 12:54:12'),
(85, 'EOD @ CL Thursday 30th Apr 2015 21:39 pm', 'Last person on duty: Hisyam\nL:0%.\nM:85%.\nR:100%\nCartridge: 7\nReprint Ez-link value: 7.70\nRemarks: n/a', 'Thursday 30th Apr 2015 21:39 pm', '2015-04-30 13:39:38'),
(86, 'EOD @ CL Friday 1st May 2015 16:51 pm', 'Last person on duty: Aditya\nL:0%.\nM:85%.\nR:100%\nCartridge: 7\nReprint Ez-link value: $7.70\nRemarks: Ez-Link down the whole day\n', 'Friday 1st May 2015 16:51 pm', '2015-05-01 08:51:18'),
(87, 'EOD @ YIH Friday 1st May 2015 17:05 pm', 'Last person on duty: Kevin C\nPaper: 14 boxes + 2 reams\nCartridge: -\nReprint Ez-link value: 20.01\nRemarks: Black Toner: 4\r\nMagenta : 1\r\nYellow: 1\n', 'Friday 1st May 2015 17:05 pm', '2015-05-01 09:05:00'),
(88, 'EOD @ YIH Saturday 2nd May 2015 17:07 pm', 'Last person on duty: Keng Fai\nPaper: 14 boxes + 0 reams\nCartridge: 4\nReprint Ez-link value: 19.11\nRemarks: n/a', 'Saturday 2nd May 2015 17:07 pm', '2015-05-02 09:07:09'),
(89, 'EOD @ CL Saturday 2nd May 2015 21:48 pm', 'Last person on duty: Dian\nL:0%.\nM:70%.\nR:100%\nCartridge: 7\nReprint Ez-link value: 7.70\nRemarks: n/a', 'Saturday 2nd May 2015 21:48 pm', '2015-05-02 13:48:40'),
(90, 'EOD @ CL Saturday 2nd May 2015 21:48 pm', 'Last person on duty: Dian\nL:0%.\nM:70%.\nR:100%\nCartridge: 7\nReprint Ez-link value: 7.70\nRemarks: n/a', 'Saturday 2nd May 2015 21:48 pm', '2015-05-02 13:48:43'),
(91, 'EOD @ CL Sunday 3rd May 2015 16:31 pm', 'Last person on duty: Yohanes\nL:0%.\nM:60%.\nR:100%\nCartridge: 7\nReprint Ez-link value: 7.7\nRemarks: n/a', 'Sunday 3rd May 2015 16:31 pm', '2015-05-03 08:31:47'),
(92, 'EOD @ YIH Monday 4th May 2015 21:08 pm', 'Last person on duty: Aditya\nPaper: 12 boxes + 2 reams\nCartridge: 4\nReprint Ez-link value: $19.11\nRemarks: Replace Black Toner HA4 (Dirty Print Job)\n', 'Monday 4th May 2015 21:08 pm', '2015-05-04 13:08:29'),
(93, 'EOD @ CL Monday 4th May 2015 21:36 pm', 'Last person on duty: Yohanes\nL:0%.\nM:50%.\nR:100%\nCartridge: 6\nReprint Ez-link value: 7.7\nRemarks: n/a', 'Monday 4th May 2015 21:36 pm', '2015-05-04 13:36:29'),
(94, 'EOD @ YIH Tuesday 5th May 2015 21:09 pm', 'Last person on duty: Wai Kit\nPaper: 11 boxes + 0 reams\nCartridge: 4\nReprint Ez-link value: 19.11\nRemarks: n/a', 'Tuesday 5th May 2015 21:09 pm', '2015-05-05 13:09:45'),
(95, 'EOD @ CL Wednesday 6th May 2015 21:46 pm', 'Last person on duty: Dian\nL:100%.\nM:100%.\nR:95%\nCartridge: 6\nReprint Ez-link value: 7.70\nRemarks: n/a', 'Wednesday 6th May 2015 21:46 pm', '2015-05-06 13:46:35'),
(96, 'EOD @ YIH Wednesday 6th May 2015 21:51 pm', 'Last person on duty: Wiliam\nPaper: 10 boxes + 3 reams\nCartridge: 4\nReprint Ez-link value: 19.11\nRemarks: n/a', 'Wednesday 6th May 2015 21:51 pm', '2015-05-06 13:51:02'),
(97, 'EOD @ YIH Thursday 7th May 2015 20:43 pm', 'Last person on duty: Dian\nPaper: 10 boxes + 0 reams\nCartridge: 4\nReprint Ez-link value: 19.11\nRemarks: n/a', 'Thursday 7th May 2015 20:43 pm', '2015-05-07 12:43:51'),
(98, 'EOD @ CL Thursday 7th May 2015 21:45 pm', 'Last person on duty: Hisyam\nL:95%.\nM:100%.\nR:95%\nCartridge: 6\nReprint Ez-link value: 7.70\nRemarks: n/a', 'Thursday 7th May 2015 21:45 pm', '2015-05-07 13:45:40'),
(99, 'EOD @ YIH Friday 8th May 2015 21:04 pm', 'Last person on duty: Chenxi\nPaper: 10 boxes + 0 reams\nCartridge: 4\nReprint Ez-link value: 19.11\nRemarks: n/a', 'Friday 8th May 2015 21:04 pm', '2015-05-08 13:04:29'),
(100, 'EOD @ CL Friday 8th May 2015 21:47 pm', 'Last person on duty: Kevin C\nL:90%.\nM:100%.\nR:100%\nCartridge: 6\nReprint Ez-link value: -\nRemarks: Cashbox: 7.7\n', 'Friday 8th May 2015 21:47 pm', '2015-05-08 13:47:49'),
(101, 'EOD @ CL Saturday 9th May 2015 16:54 pm', 'Last person on duty: Chenxi\nL:90%.\nM:100%.\nR:100%\nCartridge: 6\nReprint Ez-link value: 7.80\nRemarks: n/a', 'Saturday 9th May 2015 16:54 pm', '2015-05-09 08:54:25'),
(102, 'EOD @ CL Monday 11th May 2015 18:31 pm', 'Last person on duty: Chenxi\nL:85%.\nM:100%.\nR:100%\nCartridge: 6\nReprint Ez-link value: 7.80\nRemarks: n/a', 'Monday 11th May 2015 18:31 pm', '2015-05-11 10:31:42'),
(103, 'EOD @ CL Tuesday 12th May 2015 18:49 pm', 'Last person on duty: Aditya\nL:90%.\nM:100%.\nR:100%\nCartridge: 6\nReprint Ez-link value: 7.80\nRemarks: n/a', 'Tuesday 12th May 2015 18:49 pm', '2015-05-12 10:49:59'),
(104, 'EOD @ YIH Tuesday 12th May 2015 18:56 pm', 'Last person on duty: Chenxi\nPaper: 9 boxes + 2 reams\nCartridge: 4\nReprint Ez-link value: 19.11\nRemarks: n/a', 'Tuesday 12th May 2015 18:56 pm', '2015-05-12 10:56:05'),
(105, 'EOD @ YIH Wednesday 13th May 2015 18:27 pm', 'Last person on duty: Wai Kit\nPaper: 9 boxes + 1 reams\nCartridge: 4\nReprint Ez-link value: 19.11\nRemarks: n/a', 'Wednesday 13th May 2015 18:27 pm', '2015-05-13 10:27:03'),
(106, 'EOD @ CL Wednesday 13th May 2015 18:42 pm', 'Last person on duty: Cindy\nL:77%.\nM:100%.\nR:100%\nCartridge: 6\nReprint Ez-link value: $7.80\nRemarks: n/a', 'Wednesday 13th May 2015 18:42 pm', '2015-05-13 10:42:16'),
(107, 'EOD @ YIH Thursday 14th May 2015 18:12 pm', 'Last person on duty: Diana\nPaper: 17 boxes + 1 reams\nCartridge: 4\nReprint Ez-link value: 19.11\nRemarks: n/a', 'Thursday 14th May 2015 18:12 pm', '2015-05-14 10:12:32'),
(108, 'EOD @ CL Thursday 14th May 2015 18:34 pm', 'Last person on duty: Chenxi\nL:80%.\nM:100%.\nR:100%\nCartridge: 6\nReprint Ez-link value: 7.80\nRemarks: n/a', 'Thursday 14th May 2015 18:34 pm', '2015-05-14 10:34:52'),
(109, 'EOD @ YIH Friday 15th May 2015 18:42 pm', 'Last person on duty: Wai Kit\nPaper: 17 boxes + 1 reams\nCartridge: 4\nReprint Ez-link value: 19.11\nRemarks: n/a', 'Friday 15th May 2015 18:42 pm', '2015-05-15 10:42:45'),
(110, 'EOD @ CL Friday 15th May 2015 18:48 pm', 'Last person on duty: Dian\nL:85%.\nM:100%.\nR:100%\nCartridge: 6\nReprint Ez-link value: 7.80\nRemarks: n/a', 'Friday 15th May 2015 18:48 pm', '2015-05-15 10:48:44'),
(111, 'EOD @ CL Saturday 16th May 2015 15:59 pm', 'Last person on duty: Leng Han\nL:90%.\nM:100%.\nR:100%\nCartridge: 6\nReprint Ez-link value: $7.80\nRemarks: n/a', 'Saturday 16th May 2015 15:59 pm', '2015-05-16 07:59:29'),
(112, 'EOD @ YIH Sunday 17th May 2015 14:33 pm', 'Last person on duty: Diana\nPaper: 16 boxes + 4 reams\nCartridge: 4\nReprint Ez-link value: 19.11\nRemarks: n/a', 'Sunday 17th May 2015 14:33 pm', '2015-05-17 06:33:06'),
(113, 'EOD @ CL Monday 18th May 2015 18:38 pm', 'Last person on duty: Chenxi\nL:75%.\nM:100%.\nR:100%\nCartridge: 6\nReprint Ez-link value: 7.80\nRemarks: n/a', 'Monday 18th May 2015 18:38 pm', '2015-05-18 10:38:43'),
(114, 'EOD @ YIH Monday 18th May 2015 18:50 pm', 'Last person on duty: admin\nPaper: 16 boxes + 3 reams\nCartridge: 4\nReprint Ez-link value: 19.11\nRemarks: n/a', 'Monday 18th May 2015 18:50 pm', '2015-05-18 10:50:49'),
(115, 'EOD @ CL Tuesday 19th May 2015 18:34 pm', 'Last person on duty: Chenxi\nL:75%.\nM:100%.\nR:100%\nCartridge: 6\nReprint Ez-link value: 7.80\nRemarks: n/a', 'Tuesday 19th May 2015 18:34 pm', '2015-05-19 10:34:18'),
(116, 'EOD @ YIH Tuesday 19th May 2015 18:55 pm', 'Last person on duty: Kevin C\nPaper: 16 boxes + 3 reams\nCartridge: 4\nReprint Ez-link value: 19.11\nRemarks: Color Toner Magenta: 1\n', 'Tuesday 19th May 2015 18:55 pm', '2015-05-19 10:55:11'),
(117, 'EOD @ CL Wednesday 20th May 2015 18:48 pm', 'Last person on duty: Kevin C\nL:85%.\nM:99%.\nR:100%\nCartridge: 6\nReprint Ez-link value: -\nRemarks: Cash Box: 7.8\n', 'Wednesday 20th May 2015 18:48 pm', '2015-05-20 10:48:29'),
(118, 'EOD @ YIH Wednesday 20th May 2015 18:58 pm', 'Last person on duty: Wai Kit\nPaper: 16 boxes + 2 reams\nCartridge: 4\nReprint Ez-link value: 19.11\nRemarks: n/a', 'Wednesday 20th May 2015 18:58 pm', '2015-05-20 10:58:43'),
(119, 'EOD @ CL Thursday 21st May 2015 18:37 pm', 'Last person on duty: Diana\nL:80%.\nM:100%.\nR:100%\nCartridge: 5\nReprint Ez-link value: 7.8\nRemarks: n/a', 'Thursday 21st May 2015 18:37 pm', '2015-05-21 10:37:18'),
(120, 'EOD @ YIH Thursday 21st May 2015 18:59 pm', 'Last person on duty: Wiliam\nPaper: 16 boxes + 2 reams\nCartridge: 4\nReprint Ez-link value: 19.11\nRemarks: n/a', 'Thursday 21st May 2015 18:59 pm', '2015-05-21 10:59:40'),
(121, 'EOD @ CL Friday 22nd May 2015 18:29 pm', 'Last person on duty: Chenxi\nL:70%.\nM:100%.\nR:100%\nCartridge: 6\nReprint Ez-link value: 7.80\nRemarks: n/a', 'Friday 22nd May 2015 18:29 pm', '2015-05-22 10:29:14'),
(122, 'EOD @ YIH Friday 22nd May 2015 18:52 pm', 'Last person on duty: Kevin C\nPaper: 16 boxes + 1 reams\nCartridge: 4\nReprint Ez-link value: 19.11\nRemarks: Magenta Color Toner\n', 'Friday 22nd May 2015 18:52 pm', '2015-05-22 10:52:43'),
(123, 'EOD @ YIH Sunday 24th May 2015 14:53 pm', 'Last person on duty: Keng Fai\nPaper: 16 boxes + 1 reams\nCartridge: 4\nReprint Ez-link value: 19.11\nRemarks: n/a', 'Sunday 24th May 2015 14:53 pm', '2015-05-24 06:53:50'),
(124, 'EOD @ CL Monday 25th May 2015 18:42 pm', 'Last person on duty: Kevin C\nL:67%.\nM:100%.\nR:100%\nCartridge: 5\nReprint Ez-link value: -\nRemarks: Cash Box: 7.8\n', 'Monday 25th May 2015 18:42 pm', '2015-05-25 10:42:37'),
(125, 'EOD @ YIH Monday 25th May 2015 19:02 pm', 'Last person on duty: Wai Kit\nPaper: 16 boxes + 0 reams\nCartridge: 4 \nReprint Ez-link value: 19.11\nRemarks: n/a', 'Monday 25th May 2015 19:02 pm', '2015-05-25 11:02:12'),
(126, 'EOD @ YIH Monday 25th May 2015 19:02 pm', 'Last person on duty: Wai Kit\nPaper: 16 boxes + 0 reams\nCartridge: 4 \nReprint Ez-link value: 19.11\nRemarks: n/a', 'Monday 25th May 2015 19:02 pm', '2015-05-25 11:02:22'),
(127, 'EOD @ CL Tuesday 26th May 2015 18:41 pm', 'Last person on duty: Kevin C\nL:65%.\nM:99%.\nR:100%\nCartridge: 5\nReprint Ez-link value: -\nRemarks: Cashbox: 7.8\n', 'Tuesday 26th May 2015 18:41 pm', '2015-05-26 10:41:37'),
(128, 'EOD @ YIH Wednesday 27th May 2015 20:06 pm', 'Last person on duty: Wai Kit\nPaper: 16 boxes + 0 reams\nCartridge: 4\nReprint Ez-link value: 19.11\nRemarks: n/a', 'Wednesday 27th May 2015 20:06 pm', '2015-05-27 12:06:20'),
(129, 'EOD @ YIH Thursday 28th May 2015 18:55 pm', 'Last person on duty: Wai Kit\nPaper: 16 boxes + 0 reams\nCartridge: 4\nReprint Ez-link value: 19.11\nRemarks: n/a', 'Thursday 28th May 2015 18:55 pm', '2015-05-28 10:55:20'),
(130, 'EOD @ CL Friday 29th May 2015 18:40 pm', 'Last person on duty: Kevin C\nL:63%.\nM:99%.\nR:100%\nCartridge: 5\nReprint Ez-link value: -\nRemarks: Cashbox: 7.8\n', 'Friday 29th May 2015 18:40 pm', '2015-05-29 10:40:42'),
(131, 'EOD @ YIH Saturday 30th May 2015 16:45 pm', 'Last person on duty: Keng Fai\nPaper: 15 boxes + 2 reams\nCartridge: 4\nReprint Ez-link value: 19.11\nRemarks: n/a', 'Saturday 30th May 2015 16:45 pm', '2015-05-30 08:45:24'),
(132, 'EOD @ CL Tuesday 2nd Jun 2015 18:43 pm', 'Last person on duty: Leng Han\nL:50%.\nM:95%.\nR:100%\nCartridge: 5\nReprint Ez-link value: -\nRemarks: Cashbox: 7.80\n', 'Tuesday 2nd Jun 2015 18:43 pm', '2015-06-02 10:43:12'),
(133, 'EOD @ YIH Tuesday 2nd Jun 2015 18:51 pm', 'Last person on duty: Kevin C\nPaper: 15 boxes + 0 reams\nCartridge: 4\nReprint Ez-link value: 19.11\nRemarks: Color Toner Magenta (1)\n', 'Tuesday 2nd Jun 2015 18:51 pm', '2015-06-02 10:51:42'),
(134, 'EOD @ YIH Wednesday 3rd Jun 2015 18:42 pm', 'Last person on duty: Diana\nPaper: 14 boxes + 3 reams\nCartridge: 4\nReprint Ez-link value: 9.11\nRemarks: n/a', 'Wednesday 3rd Jun 2015 18:42 pm', '2015-06-03 10:42:14'),
(135, 'EOD @ CL Wednesday 3rd Jun 2015 18:51 pm', 'Last person on duty: Kevin C\nL:60%.\nM:99%.\nR:99%\nCartridge: 5\nReprint Ez-link value: -\nRemarks: Cashbox: 7.9\n', 'Wednesday 3rd Jun 2015 18:51 pm', '2015-06-03 10:51:06'),
(136, 'EOD @ YIH Thursday 4th Jun 2015 17:48 pm', 'Last person on duty: Wai Kit\nPaper: 14 boxes + 1 reams\nCartridge: 4\nReprint Ez-link value: 19.11\nRemarks: n/a', 'Thursday 4th Jun 2015 17:48 pm', '2015-06-04 09:48:56'),
(137, 'EOD @ CL Thursday 4th Jun 2015 18:39 pm', 'Last person on duty: Chenxi\nL:60%.\nM:100%.\nR:100%\nCartridge: 5\nReprint Ez-link value: 7.90\nRemarks: n/a', 'Thursday 4th Jun 2015 18:39 pm', '2015-06-04 10:39:22'),
(138, 'EOD @ CL Friday 5th Jun 2015 18:41 pm', 'Last person on duty: Kevin C\nL:51%.\nM:99%.\nR:99%\nCartridge: 5\nReprint Ez-link value: -\nRemarks: Cashbox: 7.9\n', 'Friday 5th Jun 2015 18:41 pm', '2015-06-05 10:41:35'),
(139, 'EOD @ CL Saturday 6th Jun 2015 16:38 pm', 'Last person on duty: Arvin\nL:52%.\nM:97%.\nR:100%\nCartridge: 5\nReprint Ez-link value: -\nRemarks: Cashbox: 7.9\n', 'Saturday 6th Jun 2015 16:38 pm', '2015-06-06 08:38:35'),
(140, 'EOD @ YIH Saturday 6th Jun 2015 16:45 pm', 'Last person on duty: Diana\nPaper: 14 boxes + 1 reams\nCartridge: 4\nReprint Ez-link value: 19.11\nRemarks: n/a', 'Saturday 6th Jun 2015 16:45 pm', '2015-06-06 08:45:10'),
(141, 'EOD @ YIH Sunday 7th Jun 2015 14:54 pm', 'Last person on duty: Raymond\nPaper: 15 boxes + 71 reams\nCartridge: 4\nReprint Ez-link value: 19.11\nRemarks: NIL\n', 'Sunday 7th Jun 2015 14:54 pm', '2015-06-07 06:54:23'),
(142, 'EOD @ CL Monday 8th Jun 2015 18:41 pm', 'Last person on duty: Him Ling\nL:60%.\nM:99%.\nR:100%\nCartridge: 5\nReprint Ez-link value: -\nRemarks: Cashbox: $7.90\n', 'Monday 8th Jun 2015 18:41 pm', '2015-06-08 10:41:53'),
(143, 'EOD @ YIH Monday 8th Jun 2015 18:59 pm', 'Last person on duty: Kevin C\nPaper: 14 boxes + 0 reams\nCartridge: 4\nReprint Ez-link value: 19.11\nRemarks: Color Toner: Magenta (1)\n', 'Monday 8th Jun 2015 18:59 pm', '2015-06-08 10:59:55'),
(144, 'EOD @ CL Tuesday 9th Jun 2015 18:41 pm', 'Last person on duty: Arvin\nL:50%.\nM:95%.\nR:100%\nCartridge: 5\nReprint Ez-link value: -\nRemarks: Cashbox: $7.90\n', 'Tuesday 9th Jun 2015 18:41 pm', '2015-06-09 10:41:00'),
(145, 'EOD @ YIH Tuesday 9th Jun 2015 18:51 pm', 'Last person on duty: Kevin C\nPaper: 14 boxes + 0 reams\nCartridge: 4\nReprint Ez-link value: 19.11\nRemarks: Color Toner Magenta (1)\n', 'Tuesday 9th Jun 2015 18:51 pm', '2015-06-09 10:51:55'),
(146, 'EOD @ CL Wednesday 10th Jun 2015 18:35 pm', 'Last person on duty: Kevin C\nL:25%.\nM:99%.\nR:99%\nCartridge: 5\nReprint Ez-link value: -\nRemarks: Cashbox: 7.9\r\n\n', 'Wednesday 10th Jun 2015 18:35 pm', '2015-06-10 10:35:05'),
(147, 'EOD @ YIH Wednesday 10th Jun 2015 18:42 pm', 'Last person on duty: Diana\nPaper: 28 boxes + 0 reams\nCartridge: 4\nReprint Ez-link value: 19.11\nRemarks: n/a', 'Wednesday 10th Jun 2015 18:42 pm', '2015-06-10 10:42:10'),
(148, 'EOD @ CL Thursday 11th Jun 2015 18:43 pm', 'Last person on duty: Arvin\nL:25%.\nM:95%.\nR:100%\nCartridge: 5\nReprint Ez-link value: -\nRemarks: Cashbox: $7.90\n', 'Thursday 11th Jun 2015 18:43 pm', '2015-06-11 10:43:11'),
(149, 'EOD @ YIH Thursday 11th Jun 2015 18:53 pm', 'Last person on duty: Kevin C\nPaper: 15 boxes + 3 reams\nCartridge: 4\nReprint Ez-link value: 19.11\nRemarks: Color Toner Magenta (1)\n', 'Thursday 11th Jun 2015 18:53 pm', '2015-06-11 10:53:00'),
(150, 'EOD @ CL Friday 12th Jun 2015 18:48 pm', 'Last person on duty: Him Ling\nL:55%.\nM:99%.\nR:100%\nCartridge: 5\nReprint Ez-link value: -\nRemarks: cash: $7.90\n', 'Friday 12th Jun 2015 18:48 pm', '2015-06-12 10:48:11'),
(151, 'EOD @ YIH Friday 12th Jun 2015 18:51 pm', 'Last person on duty: Kevin C\nPaper: 13 boxes + 3 reams\nCartridge: 4\nReprint Ez-link value: 19.11\nRemarks: Color Toner Magenta (1)\n', 'Friday 12th Jun 2015 18:51 pm', '2015-06-12 10:51:26'),
(152, 'EOD @ CL Saturday 13th Jun 2015 16:48 pm', 'Last person on duty: Peter\nL:50%.\nM:100%.\nR:100%\nCartridge: 5\nReprint Ez-link value: $7.90\nRemarks: n/a', 'Saturday 13th Jun 2015 16:48 pm', '2015-06-13 08:48:44'),
(153, 'EOD @ YIH Monday 15th Jun 2015 18:39 pm', 'Last person on duty: Kevin C\nPaper: 13 boxes + 2 reams\nCartridge: 4\nReprint Ez-link value: 19.11\nRemarks: n/a', 'Monday 15th Jun 2015 18:39 pm', '2015-06-15 10:39:31'),
(154, 'EOD @ CL Monday 15th Jun 2015 18:48 pm', 'Last person on duty: Desmond\nL:33%.\nM:100%.\nR:10%\nCartridge: black toner low in colour printer\nReprint Ez-link value: -\nRemarks: -\n', 'Monday 15th Jun 2015 18:48 pm', '2015-06-15 10:48:18'),
(155, 'EOD @ CL Monday 15th Jun 2015 18:48 pm', 'Last person on duty: Desmond\nL:33%.\nM:100%.\nR:100%\nCartridge: black toner low in colour printer\nReprint Ez-link value: -\nRemarks: n/a', 'Monday 15th Jun 2015 18:48 pm', '2015-06-15 10:48:37'),
(156, 'EOD @ CL Tuesday 16th Jun 2015 18:40 pm', 'Last person on duty: Desmond\nL:33%.\nM:100%.\nR:100%\nCartridge: black cartridge* low in colour printer\nReprint Ez-link value: -\nRemarks: -\n', 'Tuesday 16th Jun 2015 18:40 pm', '2015-06-16 10:40:39'),
(157, 'EOD @ YIH Tuesday 16th Jun 2015 18:45 pm', 'Last person on duty: Kevin C\nPaper: 13 boxes + 2 reams\nCartridge: 4\nReprint Ez-link value: 19.11\nRemarks: n/a', 'Tuesday 16th Jun 2015 18:45 pm', '2015-06-16 10:45:26'),
(158, 'EOD @ YIH Wednesday 17th Jun 2015 18:39 pm', 'Last person on duty: Diana\nPaper: 13 boxes + 1 reams\nCartridge: 4\nReprint Ez-link value: 19.11\nRemarks: n/a', 'Wednesday 17th Jun 2015 18:39 pm', '2015-06-17 10:39:04'),
(159, 'EOD @ CL Wednesday 17th Jun 2015 18:39 pm', 'Last person on duty: Desmond\nL:33%.\nM:100%.\nR:100%\nCartridge: black cartridge low in colour printer\nReprint Ez-link value: -\nRemarks: -\r\n\n', 'Wednesday 17th Jun 2015 18:39 pm', '2015-06-17 10:39:45');

-- --------------------------------------------------------

--
-- Table structure for table `duty_dynamic`
--

CREATE TABLE IF NOT EXISTS `duty_dynamic` (
  `id` int(11) NOT NULL,
  `supervisor_id` int(11) NOT NULL COMMENT 'User grabber ID',
  `schedule_id` int(11) NOT NULL COMMENT 'ID from duty_schedule table',
  `date` int(11) NOT NULL,
  `month` varchar(30) NOT NULL,
  `year` varchar(30) NOT NULL,
  `venue` varchar(5) NOT NULL COMMENT 'cl or yih',
  `grab_time` timestamp NOT NULL DEFAULT CURRENT_TIMESTAMP ON UPDATE CURRENT_TIMESTAMP,
  `release_time` timestamp NOT NULL DEFAULT '0000-00-00 00:00:00',
  `grabbed` int(11) NOT NULL DEFAULT '-1',
  `released` int(11) NOT NULL DEFAULT '-1'
) ENGINE=InnoDB DEFAULT CHARSET=latin1;

-- --------------------------------------------------------

--
-- Table structure for table `duty_history`
--

CREATE TABLE IF NOT EXISTS `duty_history` (
  `id` int(11) NOT NULL,
  `leave_id` int(11) DEFAULT '48',
  `start_id` int(11) NOT NULL,
  `end_id` int(11) NOT NULL,
  `accept_id` int(11) DEFAULT '-1',
  `day` varchar(30) DEFAULT NULL,
  `month` varchar(30) DEFAULT NULL,
  `year` varchar(30) DEFAULT NULL,
  `date` int(11) DEFAULT NULL,
  `venue` varchar(5) NOT NULL COMMENT 'cl or yih',
  `accept_time` timestamp NOT NULL DEFAULT CURRENT_TIMESTAMP ON UPDATE CURRENT_TIMESTAMP,
  `release_time` timestamp NOT NULL DEFAULT '0000-00-00 00:00:00'
) ENGINE=InnoDB DEFAULT CHARSET=latin1;

-- --------------------------------------------------------

--
-- Table structure for table `duty_schedule`
--

CREATE TABLE IF NOT EXISTS `duty_schedule` (
  `id` int(11) NOT NULL,
  `day` varchar(30) NOT NULL,
  `time` varchar(30) NOT NULL,
  `supervisor_cl` int(11) DEFAULT '-1',
  `supervisor_yih` int(11) DEFAULT '-1',
  `row_id` int(11) NOT NULL
) ENGINE=InnoDB AUTO_INCREMENT=120 DEFAULT CHARSET=latin1;

--
-- Dumping data for table `duty_schedule`
--

INSERT INTO `duty_schedule` (`id`, `day`, `time`, `supervisor_cl`, `supervisor_yih`, `row_id`) VALUES
(1, 'Monday', '08.00-08.30', 0, 0, 7),
(2, 'Monday', '08.30-09.00', 0, 0, 8),
(3, 'Monday', '09.00-09.30', 0, 251, 3),
(4, 'Monday', '09.30-10.00', 0, 251, 4),
(5, 'Monday', '10.00-11.00', 0, 251, 1),
(6, 'Monday', '11.00-12.00', 0, 255, 2),
(7, 'Monday', '12.00-13.00', 0, 255, 1),
(8, 'Monday', '13.00-14.00', 0, 3, 1),
(9, 'Monday', '14.00-15.00', 0, 3, 1),
(10, 'Monday', '15.00-16.00', 0, 2, 2),
(11, 'Monday', '16.00-16.30', 0, 2, 2),
(12, 'Monday', '16.30-17.00', 0, 2, 3),
(13, 'Monday', '17.00-18.00', 0, 0, 3),
(14, 'Monday', '18.00-19.00', 0, 0, 1),
(15, 'Monday', '19.00-20.00', 0, 0, 2),
(16, 'Monday', '20.00-21.00', 0, 0, 3),
(17, 'Monday', '21.00-22.00', 0, 0, 4),
(18, 'Tuesday', '08.00-08.30', 0, 0, 0),
(19, 'Tuesday', '08.30-09.00', 0, 0, 0),
(20, 'Tuesday', '09.00-09.30', 0, 0, 0),
(21, 'Tuesday', '09.30-10.00', 1, 0, 0),
(22, 'Tuesday', '10.00-11.00', 1, 0, 1),
(23, 'Tuesday', '11.00-12.00', 1, 0, 2),
(24, 'Tuesday', '12.00-13.00', 1, 250, 1),
(25, 'Tuesday', '13.00-14.00', 1, 250, 2),
(26, 'Tuesday', '14.00-15.00', 0, 254, 1),
(27, 'Tuesday', '15.00-16.00', 0, 254, 2),
(28, 'Tuesday', '16.00-16.30', 0, 0, 1),
(29, 'Tuesday', '16.30-17.00', 0, 0, 2),
(30, 'Tuesday', '17.00-18.00', 0, 256, 3),
(31, 'Tuesday', '18.00-19.00', 0, 256, 1),
(32, 'Tuesday', '19.00-20.00', 0, 0, 2),
(33, 'Tuesday', '20.00-21.00', 0, 0, 1),
(34, 'Tuesday', '21.00-22.00', 0, 0, 2),
(35, 'Wednesday', '08.00-08.30', 0, 0, 1),
(36, 'Wednesday', '08.30-09.00', 0, 0, 2),
(37, 'Wednesday', '09.00-09.30', 0, 0, 3),
(38, 'Wednesday', '09.30-10.00', 0, 252, 4),
(39, 'Wednesday', '10.00-11.00', 0, 252, 1),
(40, 'Wednesday', '11.00-12.00', 0, 252, 2),
(41, 'Wednesday', '12.00-13.00', 0, 252, 1),
(42, 'Wednesday', '13.00-14.00', 0, 252, 2),
(43, 'Wednesday', '14.00-15.00', 0, 252, 3),
(44, 'Wednesday', '15.00-16.00', 0, 0, 1),
(45, 'Wednesday', '16.00-16.30', 0, 0, 2),
(46, 'Wednesday', '16.30-17.00', 0, 0, 3),
(47, 'Wednesday', '17.00-18.00', 0, 0, 1),
(48, 'Wednesday', '18.00-19.00', 0, 0, 2),
(49, 'Wednesday', '19.00-20.00', 0, 0, 3),
(50, 'Wednesday', '20.00-21.00', 0, 0, 1),
(51, 'Wednesday', '21.00-22.00', 0, 0, 2),
(52, 'Thursday', '08.00-08.30', 0, 0, 1),
(53, 'Thursday', '08.30-09.00', 0, 0, 2),
(54, 'Thursday', '09.00-09.30', 0, 0, 3),
(55, 'Thursday', '09.30-10.00', 0, 253, 4),
(56, 'Thursday', '10.00-11.00', 0, 253, 1),
(57, 'Thursday', '11.00-12.00', 0, 253, 2),
(58, 'Thursday', '12.00-13.00', 0, 253, 1),
(59, 'Thursday', '13.00-14.00', 0, 253, 2),
(60, 'Thursday', '14.00-15.00', 0, 253, 1),
(61, 'Thursday', '15.00-16.00', 0, 0, 2),
(62, 'Thursday', '16.00-16.30', 0, 0, 3),
(63, 'Thursday', '16.30-17.00', 0, 0, 4),
(64, 'Thursday', '17.00-18.00', 0, 2, 5),
(65, 'Thursday', '18.00-19.00', 0, 2, 1),
(66, 'Thursday', '19.00-20.00', 0, 0, 2),
(67, 'Thursday', '20.00-21.00', 0, 0, 1),
(68, 'Thursday', '21.00-22.00', 0, 0, 2),
(69, 'Friday', '08.00-08.30', 0, 0, 1),
(70, 'Friday', '08.30-09.00', 0, 0, 2),
(71, 'Friday', '09.00-09.30', 0, 0, 3),
(72, 'Friday', '09.30-10.00', 0, 2, 4),
(73, 'Friday', '10.00-11.00', 0, 2, 1),
(74, 'Friday', '11.00-12.00', 0, 2, 2),
(75, 'Friday', '12.00-13.00', 0, 0, 1),
(76, 'Friday', '13.00-14.00', 0, 0, 2),
(77, 'Friday', '14.00-15.00', 0, 0, 1),
(78, 'Friday', '15.00-16.00', 0, 0, 2),
(79, 'Friday', '16.00-16.30', 0, 0, 1),
(80, 'Friday', '16.30-17.00', 0, 0, 2),
(81, 'Friday', '17.00-18.00', 0, 0, 3),
(82, 'Friday', '18.00-19.00', 0, 0, 1),
(83, 'Friday', '19.00-20.00', 0, 0, 2),
(84, 'Friday', '20.00-21.00', 0, 0, 1),
(85, 'Friday', '21.00-22.00', 0, 0, 2),
(86, 'Saturday', '08.00-08.30', 0, 0, 3),
(87, 'Saturday', '08.30-09.00', 0, 0, 4),
(88, 'Saturday', '09.00-09.30', 0, 254, 5),
(89, 'Saturday', '09.30-10.00', 0, 254, 6),
(90, 'Saturday', '10.00-11.00', 0, 254, 1),
(91, 'Saturday', '11.00-12.00', 0, 0, 2),
(92, 'Saturday', '12.00-13.00', 0, 254, 1),
(93, 'Saturday', '13.00-14.00', 0, 254, 2),
(94, 'Saturday', '14.00-15.00', 0, 0, 1),
(95, 'Saturday', '15.00-16.00', 0, 0, 2),
(96, 'Saturday', '16.00-16.30', 0, 0, 1),
(97, 'Saturday', '16.30-17.00', 0, 0, 2),
(98, 'Saturday', '17.00-18.00', 0, 0, 3),
(99, 'Saturday', '18.00-19.00', 0, 0, 1),
(100, 'Saturday', '19.00-20.00', 0, 0, 2),
(101, 'Saturday', '20.00-21.00', 0, 0, 4),
(102, 'Saturday', '21.00-22.00', 0, 0, 5),
(103, 'Sunday', '08.00-08.30', 0, 0, 1),
(104, 'Sunday', '08.30-09.00', 0, 0, 2),
(105, 'Sunday', '09.00-09.30', 0, 0, 3),
(106, 'Sunday', '09.30-10.00', 0, 0, 1),
(107, 'Sunday', '10.00-11.00', 0, 0, 2),
(108, 'Sunday', '11.00-12.00', 0, 0, 3),
(109, 'Sunday', '12.00-13.00', 0, 0, 1),
(110, 'Sunday', '13.00-14.00', 0, 0, 2),
(111, 'Sunday', '14.00-15.00', 0, 0, 1),
(112, 'Sunday', '15.00-16.00', 0, 0, 2),
(113, 'Sunday', '16.00-16.30', 0, 0, 3),
(114, 'Sunday', '16.30-17.00', 0, 0, 4),
(115, 'Sunday', '17.00-18.00', 0, 0, 5),
(116, 'Sunday', '18.00-19.00', 0, 0, 6),
(117, 'Sunday', '19.00-20.00', 0, 0, 7),
(118, 'Sunday', '20.00-21.00', 0, 0, 8),
(119, 'Sunday', '21.00-22.00', 0, 0, 9);

-- --------------------------------------------------------

--
-- Table structure for table `grabbed_duty`
--

CREATE TABLE IF NOT EXISTS `grabbed_duty` (
  `id` int(11) NOT NULL,
  `supervisor_id` int(11) NOT NULL COMMENT 'User grabber ID',
  `schedule_id` int(11) NOT NULL COMMENT 'ID from duty_schedule table',
  `date` int(11) NOT NULL,
  `month` int(30) NOT NULL,
  `year` int(30) NOT NULL,
  `venue` varchar(5) NOT NULL COMMENT 'cl or yih',
  `accept_time` timestamp NOT NULL DEFAULT CURRENT_TIMESTAMP ON UPDATE CURRENT_TIMESTAMP
) ENGINE=InnoDB DEFAULT CHARSET=latin1;

-- --------------------------------------------------------

--
-- Table structure for table `problems`
--

CREATE TABLE IF NOT EXISTS `problems` (
  `id` int(11) NOT NULL,
  `reporter_id` int(11) NOT NULL,
  `venue` varchar(5) NOT NULL,
  `description` varchar(1000) NOT NULL,
  `pc_number` varchar(4) NOT NULL,
  `handler_id` int(11) DEFAULT NULL,
  `blocked` int(11) NOT NULL DEFAULT '0',
  `remarks` varchar(1000) NOT NULL,
  `fixed` int(11) NOT NULL DEFAULT '0',
  `last_updated` timestamp NOT NULL DEFAULT CURRENT_TIMESTAMP ON UPDATE CURRENT_TIMESTAMP,
  `critical` int(11) NOT NULL DEFAULT '1'
) ENGINE=InnoDB AUTO_INCREMENT=58 DEFAULT CHARSET=latin1;

--
-- Dumping data for table `problems`
--

INSERT INTO `problems` (`id`, `reporter_id`, `venue`, `description`, `pc_number`, `handler_id`, `blocked`, `remarks`, `fixed`, `last_updated`, `critical`) VALUES
(56, 1, 'yih', 'test', 'test', NULL, 0, '', 0, '2016-01-14 12:44:15', 0),
(57, 1, 'yih', 'dasdsad', 'dads', NULL, 0, '', 0, '2016-01-14 12:46:05', 1);

-- --------------------------------------------------------

--
-- Table structure for table `released_duty`
--

CREATE TABLE IF NOT EXISTS `released_duty` (
  `id` int(11) NOT NULL,
  `supervisor_id` int(11) NOT NULL COMMENT 'Releaser''s id',
  `schedule_id` int(11) NOT NULL COMMENT 'ID from duty_schedule table',
  `date` int(11) NOT NULL,
  `month` int(30) NOT NULL,
  `year` int(30) NOT NULL,
  `venue` varchar(5) NOT NULL COMMENT 'cl or yih',
  `release_time` timestamp NOT NULL DEFAULT CURRENT_TIMESTAMP ON UPDATE CURRENT_TIMESTAMP
) ENGINE=InnoDB AUTO_INCREMENT=6 DEFAULT CHARSET=latin1;

--
-- Dumping data for table `released_duty`
--

INSERT INTO `released_duty` (`id`, `supervisor_id`, `schedule_id`, `date`, `month`, `year`, `venue`, `release_time`) VALUES
(1, 1, 21, 25, 8, 2015, 'cl', '2015-08-29 00:53:01'),
(2, 1, 22, 25, 8, 2015, 'cl', '2015-08-29 00:53:01'),
(3, 1, 23, 25, 8, 2015, 'cl', '2015-08-29 00:53:01'),
(4, 1, 24, 25, 8, 2015, 'cl', '2015-08-29 00:53:01'),
(5, 1, 25, 25, 8, 2015, 'cl', '2015-08-29 00:53:01');

-- --------------------------------------------------------

--
-- Table structure for table `schedule_availability`
--

CREATE TABLE IF NOT EXISTS `schedule_availability` (
  `id` int(11) NOT NULL,
  `supervisor_id` int(11) NOT NULL,
  `schedule_id` int(11) NOT NULL,
  `availability` varchar(20) NOT NULL
) ENGINE=InnoDB AUTO_INCREMENT=4806 DEFAULT CHARSET=latin1;

--
-- Dumping data for table `schedule_availability`
--

INSERT INTO `schedule_availability` (`id`, `supervisor_id`, `schedule_id`, `availability`) VALUES
(3497, 2, 1, 'AVAILABLE'),
(3498, 2, 2, 'AVAILABLE'),
(3499, 2, 3, 'NOT_AVAILABLE'),
(3500, 2, 4, 'NOT_AVAILABLE'),
(3501, 2, 5, 'AVAILABLE'),
(3502, 2, 6, 'AVAILABLE'),
(3503, 2, 7, 'NOT_AVAILABLE'),
(3504, 2, 8, 'NOT_AVAILABLE'),
(3505, 2, 9, 'AVAILABLE'),
(3506, 2, 10, 'AVAILABLE'),
(3507, 2, 11, 'AVAILABLE'),
(3508, 2, 12, 'AVAILABLE'),
(3509, 2, 13, 'AVAILABLE'),
(3510, 2, 14, 'NOT_AVAILABLE'),
(3511, 2, 15, 'AVAILABLE'),
(3512, 2, 16, 'NOT_AVAILABLE'),
(3513, 2, 17, 'NOT_AVAILABLE'),
(3514, 2, 18, 'AVAILABLE'),
(3515, 2, 19, 'AVAILABLE'),
(3516, 2, 20, 'AVAILABLE'),
(3517, 2, 21, 'NOT_AVAILABLE'),
(3518, 2, 22, 'NOT_AVAILABLE'),
(3519, 2, 23, 'NOT_AVAILABLE'),
(3520, 2, 24, 'AVAILABLE'),
(3521, 2, 25, 'AVAILABLE'),
(3522, 2, 26, 'NOT_AVAILABLE'),
(3523, 2, 27, 'NOT_AVAILABLE'),
(3524, 2, 28, 'AVAILABLE'),
(3525, 2, 29, 'AVAILABLE'),
(3526, 2, 30, 'AVAILABLE'),
(3527, 2, 31, 'AVAILABLE'),
(3528, 2, 32, 'NOT_AVAILABLE'),
(3529, 2, 33, 'AVAILABLE'),
(3530, 2, 34, 'NOT_AVAILABLE'),
(3531, 2, 35, 'NOT_AVAILABLE'),
(3532, 2, 36, 'AVAILABLE'),
(3533, 2, 37, 'NOT_AVAILABLE'),
(3534, 2, 38, 'AVAILABLE'),
(3535, 2, 39, 'NOT_AVAILABLE'),
(3536, 2, 40, 'NOT_AVAILABLE'),
(3537, 2, 41, 'NOT_AVAILABLE'),
(3538, 2, 42, 'AVAILABLE'),
(3539, 2, 43, 'NOT_AVAILABLE'),
(3540, 2, 44, 'NOT_AVAILABLE'),
(3541, 2, 45, 'NOT_AVAILABLE'),
(3542, 2, 46, 'AVAILABLE'),
(3543, 2, 47, 'AVAILABLE'),
(3544, 2, 48, 'NOT_AVAILABLE'),
(3545, 2, 49, 'NOT_AVAILABLE'),
(3546, 2, 50, 'NOT_AVAILABLE'),
(3547, 2, 51, 'AVAILABLE'),
(3548, 2, 52, 'AVAILABLE'),
(3549, 2, 53, 'NOT_AVAILABLE'),
(3550, 2, 54, 'NOT_AVAILABLE'),
(3551, 2, 55, 'AVAILABLE'),
(3552, 2, 56, 'AVAILABLE'),
(3553, 2, 57, 'NOT_AVAILABLE'),
(3554, 2, 58, 'AVAILABLE'),
(3555, 2, 59, 'AVAILABLE'),
(3556, 2, 60, 'AVAILABLE'),
(3557, 2, 61, 'NOT_AVAILABLE'),
(3558, 2, 62, 'AVAILABLE'),
(3559, 2, 63, 'NOT_AVAILABLE'),
(3560, 2, 64, 'AVAILABLE'),
(3561, 2, 65, 'AVAILABLE'),
(3562, 2, 66, 'AVAILABLE'),
(3563, 2, 67, 'NOT_AVAILABLE'),
(3564, 2, 68, 'NOT_AVAILABLE'),
(3565, 2, 69, 'NOT_AVAILABLE'),
(3566, 2, 70, 'NOT_AVAILABLE'),
(3567, 2, 71, 'NOT_AVAILABLE'),
(3568, 2, 72, 'AVAILABLE'),
(3569, 2, 73, 'AVAILABLE'),
(3570, 2, 74, 'AVAILABLE'),
(3571, 2, 75, 'AVAILABLE'),
(3572, 2, 76, 'NOT_AVAILABLE'),
(3573, 2, 77, 'AVAILABLE'),
(3574, 2, 78, 'NOT_AVAILABLE'),
(3575, 2, 79, 'AVAILABLE'),
(3576, 2, 80, 'NOT_AVAILABLE'),
(3577, 2, 81, 'NOT_AVAILABLE'),
(3578, 2, 82, 'AVAILABLE'),
(3579, 2, 83, 'AVAILABLE'),
(3580, 2, 84, 'AVAILABLE'),
(3581, 2, 85, 'AVAILABLE'),
(3582, 2, 86, 'NOT_AVAILABLE'),
(3583, 2, 87, 'AVAILABLE'),
(3584, 2, 88, 'NOT_AVAILABLE'),
(3585, 2, 89, 'AVAILABLE'),
(3586, 2, 90, 'AVAILABLE'),
(3587, 2, 91, 'NOT_AVAILABLE'),
(3588, 2, 92, 'NOT_AVAILABLE'),
(3589, 2, 93, 'NOT_AVAILABLE'),
(3590, 2, 94, 'AVAILABLE'),
(3591, 2, 95, 'NOT_AVAILABLE'),
(3592, 2, 96, 'NOT_AVAILABLE'),
(3593, 2, 97, 'NOT_AVAILABLE'),
(3594, 2, 98, 'AVAILABLE'),
(3595, 2, 99, 'AVAILABLE'),
(3596, 2, 100, 'AVAILABLE'),
(3597, 2, 101, 'AVAILABLE'),
(3598, 2, 102, 'NOT_AVAILABLE'),
(3599, 2, 103, 'NOT_AVAILABLE'),
(3600, 2, 104, 'NOT_AVAILABLE'),
(3601, 2, 105, 'AVAILABLE'),
(3602, 2, 106, 'AVAILABLE'),
(3603, 2, 107, 'AVAILABLE'),
(3604, 2, 108, 'NOT_AVAILABLE'),
(3605, 2, 109, 'NOT_AVAILABLE'),
(3606, 2, 110, 'AVAILABLE'),
(3607, 2, 111, 'NOT_AVAILABLE'),
(3608, 2, 112, 'NOT_AVAILABLE'),
(3609, 2, 113, 'AVAILABLE'),
(3610, 2, 114, 'NOT_AVAILABLE'),
(3611, 2, 115, 'AVAILABLE'),
(3612, 2, 116, 'NOT_AVAILABLE'),
(3613, 2, 117, 'AVAILABLE'),
(3614, 2, 118, 'AVAILABLE'),
(3615, 2, 119, 'NOT_AVAILABLE'),
(3616, 3, 1, 'AVAILABLE'),
(3617, 3, 2, 'NOT_AVAILABLE'),
(3618, 3, 3, 'AVAILABLE'),
(3619, 3, 4, 'NOT_AVAILABLE'),
(3620, 3, 5, 'NOT_AVAILABLE'),
(3621, 3, 6, 'AVAILABLE'),
(3622, 3, 7, 'NOT_AVAILABLE'),
(3623, 3, 8, 'AVAILABLE'),
(3624, 3, 9, 'AVAILABLE'),
(3625, 3, 10, 'NOT_AVAILABLE'),
(3626, 3, 11, 'NOT_AVAILABLE'),
(3627, 3, 12, 'NOT_AVAILABLE'),
(3628, 3, 13, 'NOT_AVAILABLE'),
(3629, 3, 14, 'NOT_AVAILABLE'),
(3630, 3, 15, 'AVAILABLE'),
(3631, 3, 16, 'NOT_AVAILABLE'),
(3632, 3, 17, 'AVAILABLE'),
(3633, 3, 18, 'NOT_AVAILABLE'),
(3634, 3, 19, 'NOT_AVAILABLE'),
(3635, 3, 20, 'AVAILABLE'),
(3636, 3, 21, 'NOT_AVAILABLE'),
(3637, 3, 22, 'AVAILABLE'),
(3638, 3, 23, 'AVAILABLE'),
(3639, 3, 24, 'NOT_AVAILABLE'),
(3640, 3, 25, 'AVAILABLE'),
(3641, 3, 26, 'AVAILABLE'),
(3642, 3, 27, 'NOT_AVAILABLE'),
(3643, 3, 28, 'AVAILABLE'),
(3644, 3, 29, 'AVAILABLE'),
(3645, 3, 30, 'AVAILABLE'),
(3646, 3, 31, 'AVAILABLE'),
(3647, 3, 32, 'NOT_AVAILABLE'),
(3648, 3, 33, 'AVAILABLE'),
(3649, 3, 34, 'AVAILABLE'),
(3650, 3, 35, 'AVAILABLE'),
(3651, 3, 36, 'AVAILABLE'),
(3652, 3, 37, 'AVAILABLE'),
(3653, 3, 38, 'NOT_AVAILABLE'),
(3654, 3, 39, 'AVAILABLE'),
(3655, 3, 40, 'AVAILABLE'),
(3656, 3, 41, 'AVAILABLE'),
(3657, 3, 42, 'NOT_AVAILABLE'),
(3658, 3, 43, 'NOT_AVAILABLE'),
(3659, 3, 44, 'AVAILABLE'),
(3660, 3, 45, 'NOT_AVAILABLE'),
(3661, 3, 46, 'NOT_AVAILABLE'),
(3662, 3, 47, 'AVAILABLE'),
(3663, 3, 48, 'AVAILABLE'),
(3664, 3, 49, 'AVAILABLE'),
(3665, 3, 50, 'AVAILABLE'),
(3666, 3, 51, 'AVAILABLE'),
(3667, 3, 52, 'NOT_AVAILABLE'),
(3668, 3, 53, 'NOT_AVAILABLE'),
(3669, 3, 54, 'AVAILABLE'),
(3670, 3, 55, 'NOT_AVAILABLE'),
(3671, 3, 56, 'AVAILABLE'),
(3672, 3, 57, 'NOT_AVAILABLE'),
(3673, 3, 58, 'AVAILABLE'),
(3674, 3, 59, 'AVAILABLE'),
(3675, 3, 60, 'NOT_AVAILABLE'),
(3676, 3, 61, 'AVAILABLE'),
(3677, 3, 62, 'NOT_AVAILABLE'),
(3678, 3, 63, 'AVAILABLE'),
(3679, 3, 64, 'NOT_AVAILABLE'),
(3680, 3, 65, 'NOT_AVAILABLE'),
(3681, 3, 66, 'NOT_AVAILABLE'),
(3682, 3, 67, 'AVAILABLE'),
(3683, 3, 68, 'NOT_AVAILABLE'),
(3684, 3, 69, 'NOT_AVAILABLE'),
(3685, 3, 70, 'NOT_AVAILABLE'),
(3686, 3, 71, 'AVAILABLE'),
(3687, 3, 72, 'NOT_AVAILABLE'),
(3688, 3, 73, 'AVAILABLE'),
(3689, 3, 74, 'NOT_AVAILABLE'),
(3690, 3, 75, 'AVAILABLE'),
(3691, 3, 76, 'AVAILABLE'),
(3692, 3, 77, 'NOT_AVAILABLE'),
(3693, 3, 78, 'NOT_AVAILABLE'),
(3694, 3, 79, 'AVAILABLE'),
(3695, 3, 80, 'NOT_AVAILABLE'),
(3696, 3, 81, 'AVAILABLE'),
(3697, 3, 82, 'NOT_AVAILABLE'),
(3698, 3, 83, 'NOT_AVAILABLE'),
(3699, 3, 84, 'AVAILABLE'),
(3700, 3, 85, 'AVAILABLE'),
(3701, 3, 86, 'NOT_AVAILABLE'),
(3702, 3, 87, 'AVAILABLE'),
(3703, 3, 88, 'NOT_AVAILABLE'),
(3704, 3, 89, 'NOT_AVAILABLE'),
(3705, 3, 90, 'AVAILABLE'),
(3706, 3, 91, 'AVAILABLE'),
(3707, 3, 92, 'NOT_AVAILABLE'),
(3708, 3, 93, 'NOT_AVAILABLE'),
(3709, 3, 94, 'AVAILABLE'),
(3710, 3, 95, 'NOT_AVAILABLE'),
(3711, 3, 96, 'AVAILABLE'),
(3712, 3, 97, 'AVAILABLE'),
(3713, 3, 98, 'NOT_AVAILABLE'),
(3714, 3, 99, 'AVAILABLE'),
(3715, 3, 100, 'NOT_AVAILABLE'),
(3716, 3, 101, 'NOT_AVAILABLE'),
(3717, 3, 102, 'NOT_AVAILABLE'),
(3718, 3, 103, 'NOT_AVAILABLE'),
(3719, 3, 104, 'NOT_AVAILABLE'),
(3720, 3, 105, 'NOT_AVAILABLE'),
(3721, 3, 106, 'NOT_AVAILABLE'),
(3722, 3, 107, 'NOT_AVAILABLE'),
(3723, 3, 108, 'NOT_AVAILABLE'),
(3724, 3, 109, 'AVAILABLE'),
(3725, 3, 110, 'NOT_AVAILABLE'),
(3726, 3, 111, 'NOT_AVAILABLE'),
(3727, 3, 112, 'AVAILABLE'),
(3728, 3, 113, 'AVAILABLE'),
(3729, 3, 114, 'NOT_AVAILABLE'),
(3730, 3, 115, 'NOT_AVAILABLE'),
(3731, 3, 116, 'AVAILABLE'),
(3732, 3, 117, 'NOT_AVAILABLE'),
(3733, 3, 118, 'AVAILABLE'),
(3734, 3, 119, 'AVAILABLE'),
(3735, 248, 1, 'NOT_AVAILABLE'),
(3736, 248, 2, 'NOT_AVAILABLE'),
(3737, 248, 3, 'AVAILABLE'),
(3738, 248, 4, 'AVAILABLE'),
(3739, 248, 5, 'NOT_AVAILABLE'),
(3740, 248, 6, 'NOT_AVAILABLE'),
(3741, 248, 7, 'NOT_AVAILABLE'),
(3742, 248, 8, 'NOT_AVAILABLE'),
(3743, 248, 9, 'AVAILABLE'),
(3744, 248, 10, 'AVAILABLE'),
(3745, 248, 11, 'NOT_AVAILABLE'),
(3746, 248, 12, 'AVAILABLE'),
(3747, 248, 13, 'AVAILABLE'),
(3748, 248, 14, 'AVAILABLE'),
(3749, 248, 15, 'AVAILABLE'),
(3750, 248, 16, 'NOT_AVAILABLE'),
(3751, 248, 17, 'AVAILABLE'),
(3752, 248, 18, 'AVAILABLE'),
(3753, 248, 19, 'AVAILABLE'),
(3754, 248, 20, 'NOT_AVAILABLE'),
(3755, 248, 21, 'NOT_AVAILABLE'),
(3756, 248, 22, 'AVAILABLE'),
(3757, 248, 23, 'NOT_AVAILABLE'),
(3758, 248, 24, 'AVAILABLE'),
(3759, 248, 25, 'AVAILABLE'),
(3760, 248, 26, 'NOT_AVAILABLE'),
(3761, 248, 27, 'NOT_AVAILABLE'),
(3762, 248, 28, 'AVAILABLE'),
(3763, 248, 29, 'NOT_AVAILABLE'),
(3764, 248, 30, 'AVAILABLE'),
(3765, 248, 31, 'AVAILABLE'),
(3766, 248, 32, 'AVAILABLE'),
(3767, 248, 33, 'AVAILABLE'),
(3768, 248, 34, 'AVAILABLE'),
(3769, 248, 35, 'AVAILABLE'),
(3770, 248, 36, 'NOT_AVAILABLE'),
(3771, 248, 37, 'AVAILABLE'),
(3772, 248, 38, 'NOT_AVAILABLE'),
(3773, 248, 39, 'AVAILABLE'),
(3774, 248, 40, 'AVAILABLE'),
(3775, 248, 41, 'NOT_AVAILABLE'),
(3776, 248, 42, 'AVAILABLE'),
(3777, 248, 43, 'NOT_AVAILABLE'),
(3778, 248, 44, 'AVAILABLE'),
(3779, 248, 45, 'NOT_AVAILABLE'),
(3780, 248, 46, 'NOT_AVAILABLE'),
(3781, 248, 47, 'NOT_AVAILABLE'),
(3782, 248, 48, 'AVAILABLE'),
(3783, 248, 49, 'NOT_AVAILABLE'),
(3784, 248, 50, 'AVAILABLE'),
(3785, 248, 51, 'AVAILABLE'),
(3786, 248, 52, 'NOT_AVAILABLE'),
(3787, 248, 53, 'AVAILABLE'),
(3788, 248, 54, 'AVAILABLE'),
(3789, 248, 55, 'AVAILABLE'),
(3790, 248, 56, 'AVAILABLE'),
(3791, 248, 57, 'NOT_AVAILABLE'),
(3792, 248, 58, 'AVAILABLE'),
(3793, 248, 59, 'NOT_AVAILABLE'),
(3794, 248, 60, 'AVAILABLE'),
(3795, 248, 61, 'AVAILABLE'),
(3796, 248, 62, 'NOT_AVAILABLE'),
(3797, 248, 63, 'AVAILABLE'),
(3798, 248, 64, 'AVAILABLE'),
(3799, 248, 65, 'AVAILABLE'),
(3800, 248, 66, 'AVAILABLE'),
(3801, 248, 67, 'AVAILABLE'),
(3802, 248, 68, 'NOT_AVAILABLE'),
(3803, 248, 69, 'AVAILABLE'),
(3804, 248, 70, 'AVAILABLE'),
(3805, 248, 71, 'NOT_AVAILABLE'),
(3806, 248, 72, 'NOT_AVAILABLE'),
(3807, 248, 73, 'NOT_AVAILABLE'),
(3808, 248, 74, 'NOT_AVAILABLE'),
(3809, 248, 75, 'NOT_AVAILABLE'),
(3810, 248, 76, 'AVAILABLE'),
(3811, 248, 77, 'AVAILABLE'),
(3812, 248, 78, 'AVAILABLE'),
(3813, 248, 79, 'NOT_AVAILABLE'),
(3814, 248, 80, 'NOT_AVAILABLE'),
(3815, 248, 81, 'NOT_AVAILABLE'),
(3816, 248, 82, 'AVAILABLE'),
(3817, 248, 83, 'NOT_AVAILABLE'),
(3818, 248, 84, 'NOT_AVAILABLE'),
(3819, 248, 85, 'AVAILABLE'),
(3820, 248, 86, 'AVAILABLE'),
(3821, 248, 87, 'AVAILABLE'),
(3822, 248, 88, 'AVAILABLE'),
(3823, 248, 89, 'AVAILABLE'),
(3824, 248, 90, 'AVAILABLE'),
(3825, 248, 91, 'AVAILABLE'),
(3826, 248, 92, 'NOT_AVAILABLE'),
(3827, 248, 93, 'NOT_AVAILABLE'),
(3828, 248, 94, 'AVAILABLE'),
(3829, 248, 95, 'NOT_AVAILABLE'),
(3830, 248, 96, 'AVAILABLE'),
(3831, 248, 97, 'NOT_AVAILABLE'),
(3832, 248, 98, 'NOT_AVAILABLE'),
(3833, 248, 99, 'AVAILABLE'),
(3834, 248, 100, 'AVAILABLE'),
(3835, 248, 101, 'NOT_AVAILABLE'),
(3836, 248, 102, 'AVAILABLE'),
(3837, 248, 103, 'AVAILABLE'),
(3838, 248, 104, 'NOT_AVAILABLE'),
(3839, 248, 105, 'NOT_AVAILABLE'),
(3840, 248, 106, 'AVAILABLE'),
(3841, 248, 107, 'AVAILABLE'),
(3842, 248, 108, 'NOT_AVAILABLE'),
(3843, 248, 109, 'NOT_AVAILABLE'),
(3844, 248, 110, 'NOT_AVAILABLE'),
(3845, 248, 111, 'NOT_AVAILABLE'),
(3846, 248, 112, 'NOT_AVAILABLE'),
(3847, 248, 113, 'NOT_AVAILABLE'),
(3848, 248, 114, 'AVAILABLE'),
(3849, 248, 115, 'AVAILABLE'),
(3850, 248, 116, 'AVAILABLE'),
(3851, 248, 117, 'AVAILABLE'),
(3852, 248, 118, 'AVAILABLE'),
(3853, 248, 119, 'AVAILABLE'),
(3854, 249, 1, 'AVAILABLE'),
(3855, 249, 2, 'NOT_AVAILABLE'),
(3856, 249, 3, 'AVAILABLE'),
(3857, 249, 4, 'NOT_AVAILABLE'),
(3858, 249, 5, 'AVAILABLE'),
(3859, 249, 6, 'NOT_AVAILABLE'),
(3860, 249, 7, 'AVAILABLE'),
(3861, 249, 8, 'NOT_AVAILABLE'),
(3862, 249, 9, 'NOT_AVAILABLE'),
(3863, 249, 10, 'NOT_AVAILABLE'),
(3864, 249, 11, 'AVAILABLE'),
(3865, 249, 12, 'AVAILABLE'),
(3866, 249, 13, 'NOT_AVAILABLE'),
(3867, 249, 14, 'AVAILABLE'),
(3868, 249, 15, 'AVAILABLE'),
(3869, 249, 16, 'NOT_AVAILABLE'),
(3870, 249, 17, 'NOT_AVAILABLE'),
(3871, 249, 18, 'AVAILABLE'),
(3872, 249, 19, 'NOT_AVAILABLE'),
(3873, 249, 20, 'NOT_AVAILABLE'),
(3874, 249, 21, 'NOT_AVAILABLE'),
(3875, 249, 22, 'NOT_AVAILABLE'),
(3876, 249, 23, 'AVAILABLE'),
(3877, 249, 24, 'NOT_AVAILABLE'),
(3878, 249, 25, 'NOT_AVAILABLE'),
(3879, 249, 26, 'NOT_AVAILABLE'),
(3880, 249, 27, 'NOT_AVAILABLE'),
(3881, 249, 28, 'AVAILABLE'),
(3882, 249, 29, 'AVAILABLE'),
(3883, 249, 30, 'AVAILABLE'),
(3884, 249, 31, 'NOT_AVAILABLE'),
(3885, 249, 32, 'AVAILABLE'),
(3886, 249, 33, 'NOT_AVAILABLE'),
(3887, 249, 34, 'AVAILABLE'),
(3888, 249, 35, 'AVAILABLE'),
(3889, 249, 36, 'AVAILABLE'),
(3890, 249, 37, 'AVAILABLE'),
(3891, 249, 38, 'AVAILABLE'),
(3892, 249, 39, 'AVAILABLE'),
(3893, 249, 40, 'AVAILABLE'),
(3894, 249, 41, 'AVAILABLE'),
(3895, 249, 42, 'NOT_AVAILABLE'),
(3896, 249, 43, 'AVAILABLE'),
(3897, 249, 44, 'AVAILABLE'),
(3898, 249, 45, 'NOT_AVAILABLE'),
(3899, 249, 46, 'NOT_AVAILABLE'),
(3900, 249, 47, 'NOT_AVAILABLE'),
(3901, 249, 48, 'AVAILABLE'),
(3902, 249, 49, 'NOT_AVAILABLE'),
(3903, 249, 50, 'NOT_AVAILABLE'),
(3904, 249, 51, 'AVAILABLE'),
(3905, 249, 52, 'AVAILABLE'),
(3906, 249, 53, 'NOT_AVAILABLE'),
(3907, 249, 54, 'NOT_AVAILABLE'),
(3908, 249, 55, 'AVAILABLE'),
(3909, 249, 56, 'AVAILABLE'),
(3910, 249, 57, 'NOT_AVAILABLE'),
(3911, 249, 58, 'AVAILABLE'),
(3912, 249, 59, 'NOT_AVAILABLE'),
(3913, 249, 60, 'NOT_AVAILABLE'),
(3914, 249, 61, 'NOT_AVAILABLE'),
(3915, 249, 62, 'NOT_AVAILABLE'),
(3916, 249, 63, 'AVAILABLE'),
(3917, 249, 64, 'NOT_AVAILABLE'),
(3918, 249, 65, 'NOT_AVAILABLE'),
(3919, 249, 66, 'NOT_AVAILABLE'),
(3920, 249, 67, 'AVAILABLE'),
(3921, 249, 68, 'AVAILABLE'),
(3922, 249, 69, 'NOT_AVAILABLE'),
(3923, 249, 70, 'AVAILABLE'),
(3924, 249, 71, 'AVAILABLE'),
(3925, 249, 72, 'NOT_AVAILABLE'),
(3926, 249, 73, 'NOT_AVAILABLE'),
(3927, 249, 74, 'AVAILABLE'),
(3928, 249, 75, 'AVAILABLE'),
(3929, 249, 76, 'AVAILABLE'),
(3930, 249, 77, 'AVAILABLE'),
(3931, 249, 78, 'NOT_AVAILABLE'),
(3932, 249, 79, 'NOT_AVAILABLE'),
(3933, 249, 80, 'AVAILABLE'),
(3934, 249, 81, 'AVAILABLE'),
(3935, 249, 82, 'AVAILABLE'),
(3936, 249, 83, 'NOT_AVAILABLE'),
(3937, 249, 84, 'NOT_AVAILABLE'),
(3938, 249, 85, 'NOT_AVAILABLE'),
(3939, 249, 86, 'AVAILABLE'),
(3940, 249, 87, 'AVAILABLE'),
(3941, 249, 88, 'AVAILABLE'),
(3942, 249, 89, 'NOT_AVAILABLE'),
(3943, 249, 90, 'AVAILABLE'),
(3944, 249, 91, 'NOT_AVAILABLE'),
(3945, 249, 92, 'AVAILABLE'),
(3946, 249, 93, 'AVAILABLE'),
(3947, 249, 94, 'NOT_AVAILABLE'),
(3948, 249, 95, 'NOT_AVAILABLE'),
(3949, 249, 96, 'AVAILABLE'),
(3950, 249, 97, 'AVAILABLE'),
(3951, 249, 98, 'AVAILABLE'),
(3952, 249, 99, 'AVAILABLE'),
(3953, 249, 100, 'AVAILABLE'),
(3954, 249, 101, 'AVAILABLE'),
(3955, 249, 102, 'AVAILABLE'),
(3956, 249, 103, 'NOT_AVAILABLE'),
(3957, 249, 104, 'AVAILABLE'),
(3958, 249, 105, 'AVAILABLE'),
(3959, 249, 106, 'NOT_AVAILABLE'),
(3960, 249, 107, 'NOT_AVAILABLE'),
(3961, 249, 108, 'AVAILABLE'),
(3962, 249, 109, 'NOT_AVAILABLE'),
(3963, 249, 110, 'NOT_AVAILABLE'),
(3964, 249, 111, 'AVAILABLE'),
(3965, 249, 112, 'AVAILABLE'),
(3966, 249, 113, 'AVAILABLE'),
(3967, 249, 114, 'AVAILABLE'),
(3968, 249, 115, 'NOT_AVAILABLE'),
(3969, 249, 116, 'AVAILABLE'),
(3970, 249, 117, 'NOT_AVAILABLE'),
(3971, 249, 118, 'AVAILABLE'),
(3972, 249, 119, 'AVAILABLE'),
(3973, 250, 1, 'AVAILABLE'),
(3974, 250, 2, 'AVAILABLE'),
(3975, 250, 3, 'AVAILABLE'),
(3976, 250, 4, 'NOT_AVAILABLE'),
(3977, 250, 5, 'AVAILABLE'),
(3978, 250, 6, 'NOT_AVAILABLE'),
(3979, 250, 7, 'AVAILABLE'),
(3980, 250, 8, 'AVAILABLE'),
(3981, 250, 9, 'NOT_AVAILABLE'),
(3982, 250, 10, 'NOT_AVAILABLE'),
(3983, 250, 11, 'NOT_AVAILABLE'),
(3984, 250, 12, 'NOT_AVAILABLE'),
(3985, 250, 13, 'NOT_AVAILABLE'),
(3986, 250, 14, 'NOT_AVAILABLE'),
(3987, 250, 15, 'AVAILABLE'),
(3988, 250, 16, 'AVAILABLE'),
(3989, 250, 17, 'AVAILABLE'),
(3990, 250, 18, 'AVAILABLE'),
(3991, 250, 19, 'AVAILABLE'),
(3992, 250, 20, 'NOT_AVAILABLE'),
(3993, 250, 21, 'NOT_AVAILABLE'),
(3994, 250, 22, 'AVAILABLE'),
(3995, 250, 23, 'NOT_AVAILABLE'),
(3996, 250, 24, 'AVAILABLE'),
(3997, 250, 25, 'AVAILABLE'),
(3998, 250, 26, 'NOT_AVAILABLE'),
(3999, 250, 27, 'NOT_AVAILABLE'),
(4000, 250, 28, 'NOT_AVAILABLE'),
(4001, 250, 29, 'AVAILABLE'),
(4002, 250, 30, 'AVAILABLE'),
(4003, 250, 31, 'AVAILABLE'),
(4004, 250, 32, 'AVAILABLE'),
(4005, 250, 33, 'NOT_AVAILABLE'),
(4006, 250, 34, 'NOT_AVAILABLE'),
(4007, 250, 35, 'AVAILABLE'),
(4008, 250, 36, 'AVAILABLE'),
(4009, 250, 37, 'AVAILABLE'),
(4010, 250, 38, 'AVAILABLE'),
(4011, 250, 39, 'AVAILABLE'),
(4012, 250, 40, 'AVAILABLE'),
(4013, 250, 41, 'AVAILABLE'),
(4014, 250, 42, 'NOT_AVAILABLE'),
(4015, 250, 43, 'NOT_AVAILABLE'),
(4016, 250, 44, 'NOT_AVAILABLE'),
(4017, 250, 45, 'NOT_AVAILABLE'),
(4018, 250, 46, 'NOT_AVAILABLE'),
(4019, 250, 47, 'AVAILABLE'),
(4020, 250, 48, 'AVAILABLE'),
(4021, 250, 49, 'AVAILABLE'),
(4022, 250, 50, 'NOT_AVAILABLE'),
(4023, 250, 51, 'AVAILABLE'),
(4024, 250, 52, 'AVAILABLE'),
(4025, 250, 53, 'NOT_AVAILABLE'),
(4026, 250, 54, 'NOT_AVAILABLE'),
(4027, 250, 55, 'AVAILABLE'),
(4028, 250, 56, 'AVAILABLE'),
(4029, 250, 57, 'NOT_AVAILABLE'),
(4030, 250, 58, 'AVAILABLE'),
(4031, 250, 59, 'AVAILABLE'),
(4032, 250, 60, 'AVAILABLE'),
(4033, 250, 61, 'AVAILABLE'),
(4034, 250, 62, 'NOT_AVAILABLE'),
(4035, 250, 63, 'NOT_AVAILABLE'),
(4036, 250, 64, 'NOT_AVAILABLE'),
(4037, 250, 65, 'AVAILABLE'),
(4038, 250, 66, 'NOT_AVAILABLE'),
(4039, 250, 67, 'AVAILABLE'),
(4040, 250, 68, 'AVAILABLE'),
(4041, 250, 69, 'NOT_AVAILABLE'),
(4042, 250, 70, 'NOT_AVAILABLE'),
(4043, 250, 71, 'AVAILABLE'),
(4044, 250, 72, 'NOT_AVAILABLE'),
(4045, 250, 73, 'NOT_AVAILABLE'),
(4046, 250, 74, 'AVAILABLE'),
(4047, 250, 75, 'AVAILABLE'),
(4048, 250, 76, 'AVAILABLE'),
(4049, 250, 77, 'AVAILABLE'),
(4050, 250, 78, 'AVAILABLE'),
(4051, 250, 79, 'NOT_AVAILABLE'),
(4052, 250, 80, 'AVAILABLE'),
(4053, 250, 81, 'AVAILABLE'),
(4054, 250, 82, 'NOT_AVAILABLE'),
(4055, 250, 83, 'NOT_AVAILABLE'),
(4056, 250, 84, 'AVAILABLE'),
(4057, 250, 85, 'AVAILABLE'),
(4058, 250, 86, 'AVAILABLE'),
(4059, 250, 87, 'AVAILABLE'),
(4060, 250, 88, 'AVAILABLE'),
(4061, 250, 89, 'AVAILABLE'),
(4062, 250, 90, 'AVAILABLE'),
(4063, 250, 91, 'AVAILABLE'),
(4064, 250, 92, 'AVAILABLE'),
(4065, 250, 93, 'AVAILABLE'),
(4066, 250, 94, 'AVAILABLE'),
(4067, 250, 95, 'NOT_AVAILABLE'),
(4068, 250, 96, 'NOT_AVAILABLE'),
(4069, 250, 97, 'AVAILABLE'),
(4070, 250, 98, 'NOT_AVAILABLE'),
(4071, 250, 99, 'AVAILABLE'),
(4072, 250, 100, 'NOT_AVAILABLE'),
(4073, 250, 101, 'NOT_AVAILABLE'),
(4074, 250, 102, 'NOT_AVAILABLE'),
(4075, 250, 103, 'AVAILABLE'),
(4076, 250, 104, 'AVAILABLE'),
(4077, 250, 105, 'NOT_AVAILABLE'),
(4078, 250, 106, 'NOT_AVAILABLE'),
(4079, 250, 107, 'AVAILABLE'),
(4080, 250, 108, 'NOT_AVAILABLE'),
(4081, 250, 109, 'NOT_AVAILABLE'),
(4082, 250, 110, 'NOT_AVAILABLE'),
(4083, 250, 111, 'AVAILABLE'),
(4084, 250, 112, 'NOT_AVAILABLE'),
(4085, 250, 113, 'NOT_AVAILABLE'),
(4086, 250, 114, 'AVAILABLE'),
(4087, 250, 115, 'NOT_AVAILABLE'),
(4088, 250, 116, 'NOT_AVAILABLE'),
(4089, 250, 117, 'AVAILABLE'),
(4090, 250, 118, 'AVAILABLE'),
(4091, 250, 119, 'AVAILABLE'),
(4092, 251, 1, 'NOT_AVAILABLE'),
(4093, 251, 2, 'NOT_AVAILABLE'),
(4094, 251, 3, 'AVAILABLE'),
(4095, 251, 4, 'AVAILABLE'),
(4096, 251, 5, 'AVAILABLE'),
(4097, 251, 6, 'AVAILABLE'),
(4098, 251, 7, 'AVAILABLE'),
(4099, 251, 8, 'AVAILABLE'),
(4100, 251, 9, 'AVAILABLE'),
(4101, 251, 10, 'AVAILABLE'),
(4102, 251, 11, 'NOT_AVAILABLE'),
(4103, 251, 12, 'AVAILABLE'),
(4104, 251, 13, 'NOT_AVAILABLE'),
(4105, 251, 14, 'NOT_AVAILABLE'),
(4106, 251, 15, 'NOT_AVAILABLE'),
(4107, 251, 16, 'NOT_AVAILABLE'),
(4108, 251, 17, 'NOT_AVAILABLE'),
(4109, 251, 18, 'AVAILABLE'),
(4110, 251, 19, 'AVAILABLE'),
(4111, 251, 20, 'AVAILABLE'),
(4112, 251, 21, 'AVAILABLE'),
(4113, 251, 22, 'AVAILABLE'),
(4114, 251, 23, 'AVAILABLE'),
(4115, 251, 24, 'AVAILABLE'),
(4116, 251, 25, 'AVAILABLE'),
(4117, 251, 26, 'AVAILABLE'),
(4118, 251, 27, 'NOT_AVAILABLE'),
(4119, 251, 28, 'AVAILABLE'),
(4120, 251, 29, 'NOT_AVAILABLE'),
(4121, 251, 30, 'AVAILABLE'),
(4122, 251, 31, 'AVAILABLE'),
(4123, 251, 32, 'NOT_AVAILABLE'),
(4124, 251, 33, 'NOT_AVAILABLE'),
(4125, 251, 34, 'NOT_AVAILABLE'),
(4126, 251, 35, 'NOT_AVAILABLE'),
(4127, 251, 36, 'NOT_AVAILABLE'),
(4128, 251, 37, 'AVAILABLE'),
(4129, 251, 38, 'NOT_AVAILABLE'),
(4130, 251, 39, 'AVAILABLE'),
(4131, 251, 40, 'NOT_AVAILABLE'),
(4132, 251, 41, 'NOT_AVAILABLE'),
(4133, 251, 42, 'AVAILABLE'),
(4134, 251, 43, 'AVAILABLE'),
(4135, 251, 44, 'NOT_AVAILABLE'),
(4136, 251, 45, 'NOT_AVAILABLE'),
(4137, 251, 46, 'NOT_AVAILABLE'),
(4138, 251, 47, 'AVAILABLE'),
(4139, 251, 48, 'NOT_AVAILABLE'),
(4140, 251, 49, 'NOT_AVAILABLE'),
(4141, 251, 50, 'NOT_AVAILABLE'),
(4142, 251, 51, 'AVAILABLE'),
(4143, 251, 52, 'AVAILABLE'),
(4144, 251, 53, 'AVAILABLE'),
(4145, 251, 54, 'NOT_AVAILABLE'),
(4146, 251, 55, 'NOT_AVAILABLE'),
(4147, 251, 56, 'AVAILABLE'),
(4148, 251, 57, 'AVAILABLE'),
(4149, 251, 58, 'AVAILABLE'),
(4150, 251, 59, 'AVAILABLE'),
(4151, 251, 60, 'NOT_AVAILABLE'),
(4152, 251, 61, 'AVAILABLE'),
(4153, 251, 62, 'NOT_AVAILABLE'),
(4154, 251, 63, 'AVAILABLE'),
(4155, 251, 64, 'AVAILABLE'),
(4156, 251, 65, 'AVAILABLE'),
(4157, 251, 66, 'AVAILABLE'),
(4158, 251, 67, 'AVAILABLE'),
(4159, 251, 68, 'AVAILABLE'),
(4160, 251, 69, 'AVAILABLE'),
(4161, 251, 70, 'AVAILABLE'),
(4162, 251, 71, 'NOT_AVAILABLE'),
(4163, 251, 72, 'NOT_AVAILABLE'),
(4164, 251, 73, 'AVAILABLE'),
(4165, 251, 74, 'NOT_AVAILABLE'),
(4166, 251, 75, 'NOT_AVAILABLE'),
(4167, 251, 76, 'NOT_AVAILABLE'),
(4168, 251, 77, 'NOT_AVAILABLE'),
(4169, 251, 78, 'NOT_AVAILABLE'),
(4170, 251, 79, 'NOT_AVAILABLE'),
(4171, 251, 80, 'NOT_AVAILABLE'),
(4172, 251, 81, 'NOT_AVAILABLE'),
(4173, 251, 82, 'AVAILABLE'),
(4174, 251, 83, 'NOT_AVAILABLE'),
(4175, 251, 84, 'AVAILABLE'),
(4176, 251, 85, 'NOT_AVAILABLE'),
(4177, 251, 86, 'AVAILABLE'),
(4178, 251, 87, 'AVAILABLE'),
(4179, 251, 88, 'AVAILABLE'),
(4180, 251, 89, 'NOT_AVAILABLE'),
(4181, 251, 90, 'NOT_AVAILABLE'),
(4182, 251, 91, 'NOT_AVAILABLE'),
(4183, 251, 92, 'NOT_AVAILABLE'),
(4184, 251, 93, 'NOT_AVAILABLE'),
(4185, 251, 94, 'NOT_AVAILABLE'),
(4186, 251, 95, 'AVAILABLE'),
(4187, 251, 96, 'AVAILABLE'),
(4188, 251, 97, 'NOT_AVAILABLE'),
(4189, 251, 98, 'AVAILABLE'),
(4190, 251, 99, 'NOT_AVAILABLE'),
(4191, 251, 100, 'AVAILABLE'),
(4192, 251, 101, 'AVAILABLE'),
(4193, 251, 102, 'NOT_AVAILABLE'),
(4194, 251, 103, 'NOT_AVAILABLE'),
(4195, 251, 104, 'AVAILABLE'),
(4196, 251, 105, 'AVAILABLE'),
(4197, 251, 106, 'AVAILABLE'),
(4198, 251, 107, 'AVAILABLE'),
(4199, 251, 108, 'NOT_AVAILABLE'),
(4200, 251, 109, 'NOT_AVAILABLE'),
(4201, 251, 110, 'NOT_AVAILABLE'),
(4202, 251, 111, 'AVAILABLE'),
(4203, 251, 112, 'NOT_AVAILABLE'),
(4204, 251, 113, 'AVAILABLE'),
(4205, 251, 114, 'NOT_AVAILABLE'),
(4206, 251, 115, 'AVAILABLE'),
(4207, 251, 116, 'NOT_AVAILABLE'),
(4208, 251, 117, 'NOT_AVAILABLE'),
(4209, 251, 118, 'AVAILABLE'),
(4210, 251, 119, 'AVAILABLE'),
(4211, 252, 1, 'NOT_AVAILABLE'),
(4212, 252, 2, 'NOT_AVAILABLE'),
(4213, 252, 3, 'NOT_AVAILABLE'),
(4214, 252, 4, 'NOT_AVAILABLE'),
(4215, 252, 5, 'NOT_AVAILABLE'),
(4216, 252, 6, 'NOT_AVAILABLE'),
(4217, 252, 7, 'NOT_AVAILABLE'),
(4218, 252, 8, 'NOT_AVAILABLE'),
(4219, 252, 9, 'AVAILABLE'),
(4220, 252, 10, 'AVAILABLE'),
(4221, 252, 11, 'AVAILABLE'),
(4222, 252, 12, 'AVAILABLE'),
(4223, 252, 13, 'NOT_AVAILABLE'),
(4224, 252, 14, 'NOT_AVAILABLE'),
(4225, 252, 15, 'NOT_AVAILABLE'),
(4226, 252, 16, 'AVAILABLE'),
(4227, 252, 17, 'AVAILABLE'),
(4228, 252, 18, 'AVAILABLE'),
(4229, 252, 19, 'AVAILABLE'),
(4230, 252, 20, 'NOT_AVAILABLE'),
(4231, 252, 21, 'AVAILABLE'),
(4232, 252, 22, 'NOT_AVAILABLE'),
(4233, 252, 23, 'AVAILABLE'),
(4234, 252, 24, 'AVAILABLE'),
(4235, 252, 25, 'AVAILABLE'),
(4236, 252, 26, 'NOT_AVAILABLE'),
(4237, 252, 27, 'NOT_AVAILABLE'),
(4238, 252, 28, 'NOT_AVAILABLE'),
(4239, 252, 29, 'AVAILABLE'),
(4240, 252, 30, 'NOT_AVAILABLE'),
(4241, 252, 31, 'AVAILABLE'),
(4242, 252, 32, 'AVAILABLE'),
(4243, 252, 33, 'AVAILABLE'),
(4244, 252, 34, 'AVAILABLE'),
(4245, 252, 35, 'NOT_AVAILABLE'),
(4246, 252, 36, 'NOT_AVAILABLE'),
(4247, 252, 37, 'NOT_AVAILABLE'),
(4248, 252, 38, 'AVAILABLE'),
(4249, 252, 39, 'AVAILABLE'),
(4250, 252, 40, 'AVAILABLE'),
(4251, 252, 41, 'AVAILABLE'),
(4252, 252, 42, 'AVAILABLE'),
(4253, 252, 43, 'AVAILABLE'),
(4254, 252, 44, 'NOT_AVAILABLE'),
(4255, 252, 45, 'AVAILABLE'),
(4256, 252, 46, 'AVAILABLE'),
(4257, 252, 47, 'AVAILABLE'),
(4258, 252, 48, 'AVAILABLE'),
(4259, 252, 49, 'AVAILABLE'),
(4260, 252, 50, 'AVAILABLE'),
(4261, 252, 51, 'AVAILABLE'),
(4262, 252, 52, 'NOT_AVAILABLE'),
(4263, 252, 53, 'AVAILABLE'),
(4264, 252, 54, 'AVAILABLE'),
(4265, 252, 55, 'NOT_AVAILABLE'),
(4266, 252, 56, 'NOT_AVAILABLE'),
(4267, 252, 57, 'AVAILABLE'),
(4268, 252, 58, 'AVAILABLE'),
(4269, 252, 59, 'NOT_AVAILABLE'),
(4270, 252, 60, 'AVAILABLE'),
(4271, 252, 61, 'NOT_AVAILABLE'),
(4272, 252, 62, 'NOT_AVAILABLE'),
(4273, 252, 63, 'AVAILABLE'),
(4274, 252, 64, 'NOT_AVAILABLE'),
(4275, 252, 65, 'AVAILABLE'),
(4276, 252, 66, 'NOT_AVAILABLE'),
(4277, 252, 67, 'AVAILABLE'),
(4278, 252, 68, 'AVAILABLE'),
(4279, 252, 69, 'NOT_AVAILABLE'),
(4280, 252, 70, 'AVAILABLE'),
(4281, 252, 71, 'AVAILABLE'),
(4282, 252, 72, 'NOT_AVAILABLE'),
(4283, 252, 73, 'AVAILABLE'),
(4284, 252, 74, 'AVAILABLE'),
(4285, 252, 75, 'NOT_AVAILABLE'),
(4286, 252, 76, 'AVAILABLE'),
(4287, 252, 77, 'AVAILABLE'),
(4288, 252, 78, 'AVAILABLE'),
(4289, 252, 79, 'AVAILABLE'),
(4290, 252, 80, 'AVAILABLE'),
(4291, 252, 81, 'NOT_AVAILABLE'),
(4292, 252, 82, 'NOT_AVAILABLE'),
(4293, 252, 83, 'AVAILABLE'),
(4294, 252, 84, 'AVAILABLE'),
(4295, 252, 85, 'AVAILABLE'),
(4296, 252, 86, 'AVAILABLE'),
(4297, 252, 87, 'NOT_AVAILABLE'),
(4298, 252, 88, 'NOT_AVAILABLE'),
(4299, 252, 89, 'AVAILABLE'),
(4300, 252, 90, 'NOT_AVAILABLE'),
(4301, 252, 91, 'NOT_AVAILABLE'),
(4302, 252, 92, 'NOT_AVAILABLE'),
(4303, 252, 93, 'NOT_AVAILABLE'),
(4304, 252, 94, 'NOT_AVAILABLE'),
(4305, 252, 95, 'AVAILABLE'),
(4306, 252, 96, 'AVAILABLE'),
(4307, 252, 97, 'AVAILABLE'),
(4308, 252, 98, 'AVAILABLE'),
(4309, 252, 99, 'NOT_AVAILABLE'),
(4310, 252, 100, 'NOT_AVAILABLE'),
(4311, 252, 101, 'AVAILABLE'),
(4312, 252, 102, 'AVAILABLE'),
(4313, 252, 103, 'AVAILABLE'),
(4314, 252, 104, 'NOT_AVAILABLE'),
(4315, 252, 105, 'NOT_AVAILABLE'),
(4316, 252, 106, 'NOT_AVAILABLE'),
(4317, 252, 107, 'AVAILABLE'),
(4318, 252, 108, 'AVAILABLE'),
(4319, 252, 109, 'AVAILABLE'),
(4320, 252, 110, 'AVAILABLE'),
(4321, 252, 111, 'AVAILABLE'),
(4322, 252, 112, 'NOT_AVAILABLE'),
(4323, 252, 113, 'AVAILABLE'),
(4324, 252, 114, 'NOT_AVAILABLE'),
(4325, 252, 115, 'AVAILABLE'),
(4326, 252, 116, 'AVAILABLE'),
(4327, 252, 117, 'NOT_AVAILABLE'),
(4328, 252, 118, 'NOT_AVAILABLE'),
(4329, 252, 119, 'NOT_AVAILABLE'),
(4330, 253, 1, 'AVAILABLE'),
(4331, 253, 2, 'NOT_AVAILABLE'),
(4332, 253, 3, 'AVAILABLE'),
(4333, 253, 4, 'NOT_AVAILABLE'),
(4334, 253, 5, 'NOT_AVAILABLE'),
(4335, 253, 6, 'NOT_AVAILABLE'),
(4336, 253, 7, 'NOT_AVAILABLE'),
(4337, 253, 8, 'NOT_AVAILABLE'),
(4338, 253, 9, 'AVAILABLE'),
(4339, 253, 10, 'NOT_AVAILABLE'),
(4340, 253, 11, 'AVAILABLE'),
(4341, 253, 12, 'NOT_AVAILABLE'),
(4342, 253, 13, 'NOT_AVAILABLE'),
(4343, 253, 14, 'NOT_AVAILABLE'),
(4344, 253, 15, 'AVAILABLE'),
(4345, 253, 16, 'NOT_AVAILABLE'),
(4346, 253, 17, 'NOT_AVAILABLE'),
(4347, 253, 18, 'AVAILABLE'),
(4348, 253, 19, 'NOT_AVAILABLE'),
(4349, 253, 20, 'NOT_AVAILABLE'),
(4350, 253, 21, 'NOT_AVAILABLE'),
(4351, 253, 22, 'AVAILABLE'),
(4352, 253, 23, 'NOT_AVAILABLE'),
(4353, 253, 24, 'AVAILABLE'),
(4354, 253, 25, 'NOT_AVAILABLE'),
(4355, 253, 26, 'AVAILABLE'),
(4356, 253, 27, 'NOT_AVAILABLE'),
(4357, 253, 28, 'AVAILABLE'),
(4358, 253, 29, 'NOT_AVAILABLE'),
(4359, 253, 30, 'NOT_AVAILABLE'),
(4360, 253, 31, 'NOT_AVAILABLE'),
(4361, 253, 32, 'AVAILABLE'),
(4362, 253, 33, 'AVAILABLE'),
(4363, 253, 34, 'AVAILABLE'),
(4364, 253, 35, 'AVAILABLE'),
(4365, 253, 36, 'AVAILABLE'),
(4366, 253, 37, 'NOT_AVAILABLE'),
(4367, 253, 38, 'NOT_AVAILABLE'),
(4368, 253, 39, 'AVAILABLE'),
(4369, 253, 40, 'AVAILABLE'),
(4370, 253, 41, 'NOT_AVAILABLE'),
(4371, 253, 42, 'AVAILABLE'),
(4372, 253, 43, 'AVAILABLE'),
(4373, 253, 44, 'NOT_AVAILABLE'),
(4374, 253, 45, 'NOT_AVAILABLE'),
(4375, 253, 46, 'NOT_AVAILABLE'),
(4376, 253, 47, 'AVAILABLE'),
(4377, 253, 48, 'NOT_AVAILABLE'),
(4378, 253, 49, 'NOT_AVAILABLE'),
(4379, 253, 50, 'NOT_AVAILABLE'),
(4380, 253, 51, 'NOT_AVAILABLE'),
(4381, 253, 52, 'NOT_AVAILABLE'),
(4382, 253, 53, 'AVAILABLE'),
(4383, 253, 54, 'NOT_AVAILABLE'),
(4384, 253, 55, 'AVAILABLE'),
(4385, 253, 56, 'AVAILABLE'),
(4386, 253, 57, 'AVAILABLE'),
(4387, 253, 58, 'AVAILABLE'),
(4388, 253, 59, 'AVAILABLE'),
(4389, 253, 60, 'AVAILABLE'),
(4390, 253, 61, 'NOT_AVAILABLE'),
(4391, 253, 62, 'AVAILABLE'),
(4392, 253, 63, 'NOT_AVAILABLE'),
(4393, 253, 64, 'NOT_AVAILABLE'),
(4394, 253, 65, 'AVAILABLE'),
(4395, 253, 66, 'NOT_AVAILABLE'),
(4396, 253, 67, 'NOT_AVAILABLE'),
(4397, 253, 68, 'NOT_AVAILABLE'),
(4398, 253, 69, 'AVAILABLE'),
(4399, 253, 70, 'NOT_AVAILABLE'),
(4400, 253, 71, 'AVAILABLE'),
(4401, 253, 72, 'AVAILABLE'),
(4402, 253, 73, 'NOT_AVAILABLE'),
(4403, 253, 74, 'NOT_AVAILABLE'),
(4404, 253, 75, 'AVAILABLE'),
(4405, 253, 76, 'AVAILABLE'),
(4406, 253, 77, 'NOT_AVAILABLE'),
(4407, 253, 78, 'NOT_AVAILABLE'),
(4408, 253, 79, 'AVAILABLE'),
(4409, 253, 80, 'AVAILABLE'),
(4410, 253, 81, 'AVAILABLE'),
(4411, 253, 82, 'NOT_AVAILABLE'),
(4412, 253, 83, 'AVAILABLE'),
(4413, 253, 84, 'AVAILABLE'),
(4414, 253, 85, 'NOT_AVAILABLE'),
(4415, 253, 86, 'NOT_AVAILABLE'),
(4416, 253, 87, 'AVAILABLE'),
(4417, 253, 88, 'NOT_AVAILABLE'),
(4418, 253, 89, 'NOT_AVAILABLE'),
(4419, 253, 90, 'NOT_AVAILABLE'),
(4420, 253, 91, 'NOT_AVAILABLE'),
(4421, 253, 92, 'AVAILABLE'),
(4422, 253, 93, 'NOT_AVAILABLE'),
(4423, 253, 94, 'AVAILABLE'),
(4424, 253, 95, 'AVAILABLE'),
(4425, 253, 96, 'NOT_AVAILABLE'),
(4426, 253, 97, 'NOT_AVAILABLE'),
(4427, 253, 98, 'NOT_AVAILABLE'),
(4428, 253, 99, 'NOT_AVAILABLE'),
(4429, 253, 100, 'NOT_AVAILABLE'),
(4430, 253, 101, 'NOT_AVAILABLE'),
(4431, 253, 102, 'NOT_AVAILABLE'),
(4432, 253, 103, 'NOT_AVAILABLE'),
(4433, 253, 104, 'NOT_AVAILABLE'),
(4434, 253, 105, 'AVAILABLE'),
(4435, 253, 106, 'NOT_AVAILABLE'),
(4436, 253, 107, 'NOT_AVAILABLE'),
(4437, 253, 108, 'AVAILABLE'),
(4438, 253, 109, 'AVAILABLE'),
(4439, 253, 110, 'AVAILABLE'),
(4440, 253, 111, 'NOT_AVAILABLE'),
(4441, 253, 112, 'AVAILABLE'),
(4442, 253, 113, 'AVAILABLE'),
(4443, 253, 114, 'NOT_AVAILABLE'),
(4444, 253, 115, 'NOT_AVAILABLE'),
(4445, 253, 116, 'NOT_AVAILABLE'),
(4446, 253, 117, 'AVAILABLE'),
(4447, 253, 118, 'NOT_AVAILABLE'),
(4448, 253, 119, 'AVAILABLE'),
(4449, 254, 1, 'NOT_AVAILABLE'),
(4450, 254, 2, 'NOT_AVAILABLE'),
(4451, 254, 3, 'AVAILABLE'),
(4452, 254, 4, 'AVAILABLE'),
(4453, 254, 5, 'NOT_AVAILABLE'),
(4454, 254, 6, 'NOT_AVAILABLE'),
(4455, 254, 7, 'NOT_AVAILABLE'),
(4456, 254, 8, 'AVAILABLE'),
(4457, 254, 9, 'AVAILABLE'),
(4458, 254, 10, 'NOT_AVAILABLE'),
(4459, 254, 11, 'NOT_AVAILABLE'),
(4460, 254, 12, 'AVAILABLE'),
(4461, 254, 13, 'NOT_AVAILABLE'),
(4462, 254, 14, 'NOT_AVAILABLE'),
(4463, 254, 15, 'AVAILABLE'),
(4464, 254, 16, 'AVAILABLE'),
(4465, 254, 17, 'NOT_AVAILABLE'),
(4466, 254, 18, 'AVAILABLE'),
(4467, 254, 19, 'NOT_AVAILABLE'),
(4468, 254, 20, 'AVAILABLE'),
(4469, 254, 21, 'NOT_AVAILABLE'),
(4470, 254, 22, 'NOT_AVAILABLE'),
(4471, 254, 23, 'NOT_AVAILABLE'),
(4472, 254, 24, 'AVAILABLE'),
(4473, 254, 25, 'AVAILABLE'),
(4474, 254, 26, 'AVAILABLE'),
(4475, 254, 27, 'AVAILABLE'),
(4476, 254, 28, 'NOT_AVAILABLE'),
(4477, 254, 29, 'AVAILABLE'),
(4478, 254, 30, 'NOT_AVAILABLE'),
(4479, 254, 31, 'AVAILABLE'),
(4480, 254, 32, 'NOT_AVAILABLE'),
(4481, 254, 33, 'AVAILABLE'),
(4482, 254, 34, 'NOT_AVAILABLE'),
(4483, 254, 35, 'NOT_AVAILABLE'),
(4484, 254, 36, 'NOT_AVAILABLE'),
(4485, 254, 37, 'AVAILABLE'),
(4486, 254, 38, 'NOT_AVAILABLE'),
(4487, 254, 39, 'AVAILABLE'),
(4488, 254, 40, 'NOT_AVAILABLE'),
(4489, 254, 41, 'NOT_AVAILABLE'),
(4490, 254, 42, 'NOT_AVAILABLE'),
(4491, 254, 43, 'NOT_AVAILABLE'),
(4492, 254, 44, 'NOT_AVAILABLE'),
(4493, 254, 45, 'AVAILABLE'),
(4494, 254, 46, 'NOT_AVAILABLE'),
(4495, 254, 47, 'NOT_AVAILABLE'),
(4496, 254, 48, 'AVAILABLE'),
(4497, 254, 49, 'NOT_AVAILABLE'),
(4498, 254, 50, 'NOT_AVAILABLE'),
(4499, 254, 51, 'NOT_AVAILABLE'),
(4500, 254, 52, 'NOT_AVAILABLE'),
(4501, 254, 53, 'NOT_AVAILABLE'),
(4502, 254, 54, 'NOT_AVAILABLE'),
(4503, 254, 55, 'NOT_AVAILABLE'),
(4504, 254, 56, 'AVAILABLE'),
(4505, 254, 57, 'NOT_AVAILABLE'),
(4506, 254, 58, 'NOT_AVAILABLE'),
(4507, 254, 59, 'AVAILABLE'),
(4508, 254, 60, 'AVAILABLE'),
(4509, 254, 61, 'AVAILABLE'),
(4510, 254, 62, 'NOT_AVAILABLE'),
(4511, 254, 63, 'NOT_AVAILABLE'),
(4512, 254, 64, 'NOT_AVAILABLE'),
(4513, 254, 65, 'AVAILABLE'),
(4514, 254, 66, 'AVAILABLE'),
(4515, 254, 67, 'NOT_AVAILABLE'),
(4516, 254, 68, 'NOT_AVAILABLE'),
(4517, 254, 69, 'AVAILABLE'),
(4518, 254, 70, 'AVAILABLE'),
(4519, 254, 71, 'NOT_AVAILABLE'),
(4520, 254, 72, 'AVAILABLE'),
(4521, 254, 73, 'AVAILABLE'),
(4522, 254, 74, 'NOT_AVAILABLE'),
(4523, 254, 75, 'NOT_AVAILABLE'),
(4524, 254, 76, 'NOT_AVAILABLE'),
(4525, 254, 77, 'NOT_AVAILABLE'),
(4526, 254, 78, 'NOT_AVAILABLE'),
(4527, 254, 79, 'NOT_AVAILABLE'),
(4528, 254, 80, 'AVAILABLE'),
(4529, 254, 81, 'NOT_AVAILABLE'),
(4530, 254, 82, 'AVAILABLE'),
(4531, 254, 83, 'NOT_AVAILABLE'),
(4532, 254, 84, 'AVAILABLE'),
(4533, 254, 85, 'NOT_AVAILABLE'),
(4534, 254, 86, 'AVAILABLE'),
(4535, 254, 87, 'NOT_AVAILABLE'),
(4536, 254, 88, 'AVAILABLE'),
(4537, 254, 89, 'AVAILABLE'),
(4538, 254, 90, 'AVAILABLE'),
(4539, 254, 91, 'NOT_AVAILABLE'),
(4540, 254, 92, 'AVAILABLE'),
(4541, 254, 93, 'AVAILABLE'),
(4542, 254, 94, 'AVAILABLE'),
(4543, 254, 95, 'NOT_AVAILABLE'),
(4544, 254, 96, 'AVAILABLE'),
(4545, 254, 97, 'AVAILABLE'),
(4546, 254, 98, 'AVAILABLE'),
(4547, 254, 99, 'AVAILABLE'),
(4548, 254, 100, 'NOT_AVAILABLE'),
(4549, 254, 101, 'NOT_AVAILABLE'),
(4550, 254, 102, 'NOT_AVAILABLE'),
(4551, 254, 103, 'AVAILABLE'),
(4552, 254, 104, 'NOT_AVAILABLE'),
(4553, 254, 105, 'AVAILABLE'),
(4554, 254, 106, 'AVAILABLE'),
(4555, 254, 107, 'NOT_AVAILABLE'),
(4556, 254, 108, 'NOT_AVAILABLE'),
(4557, 254, 109, 'NOT_AVAILABLE'),
(4558, 254, 110, 'AVAILABLE'),
(4559, 254, 111, 'AVAILABLE'),
(4560, 254, 112, 'AVAILABLE'),
(4561, 254, 113, 'AVAILABLE'),
(4562, 254, 114, 'AVAILABLE'),
(4563, 254, 115, 'NOT_AVAILABLE'),
(4564, 254, 116, 'NOT_AVAILABLE'),
(4565, 254, 117, 'AVAILABLE'),
(4566, 254, 118, 'AVAILABLE'),
(4567, 254, 119, 'AVAILABLE'),
(4568, 255, 1, 'NOT_AVAILABLE'),
(4569, 255, 2, 'NOT_AVAILABLE'),
(4570, 255, 3, 'NOT_AVAILABLE'),
(4571, 255, 4, 'NOT_AVAILABLE'),
(4572, 255, 5, 'NOT_AVAILABLE'),
(4573, 255, 6, 'AVAILABLE'),
(4574, 255, 7, 'AVAILABLE'),
(4575, 255, 8, 'AVAILABLE'),
(4576, 255, 9, 'NOT_AVAILABLE'),
(4577, 255, 10, 'NOT_AVAILABLE'),
(4578, 255, 11, 'NOT_AVAILABLE'),
(4579, 255, 12, 'NOT_AVAILABLE'),
(4580, 255, 13, 'NOT_AVAILABLE'),
(4581, 255, 14, 'AVAILABLE'),
(4582, 255, 15, 'AVAILABLE'),
(4583, 255, 16, 'NOT_AVAILABLE'),
(4584, 255, 17, 'AVAILABLE'),
(4585, 255, 18, 'AVAILABLE'),
(4586, 255, 19, 'NOT_AVAILABLE'),
(4587, 255, 20, 'NOT_AVAILABLE'),
(4588, 255, 21, 'NOT_AVAILABLE'),
(4589, 255, 22, 'AVAILABLE'),
(4590, 255, 23, 'NOT_AVAILABLE'),
(4591, 255, 24, 'AVAILABLE'),
(4592, 255, 25, 'AVAILABLE'),
(4593, 255, 26, 'NOT_AVAILABLE'),
(4594, 255, 27, 'NOT_AVAILABLE'),
(4595, 255, 28, 'NOT_AVAILABLE'),
(4596, 255, 29, 'NOT_AVAILABLE'),
(4597, 255, 30, 'NOT_AVAILABLE'),
(4598, 255, 31, 'AVAILABLE'),
(4599, 255, 32, 'AVAILABLE'),
(4600, 255, 33, 'NOT_AVAILABLE'),
(4601, 255, 34, 'NOT_AVAILABLE'),
(4602, 255, 35, 'NOT_AVAILABLE'),
(4603, 255, 36, 'NOT_AVAILABLE'),
(4604, 255, 37, 'AVAILABLE'),
(4605, 255, 38, 'AVAILABLE'),
(4606, 255, 39, 'NOT_AVAILABLE'),
(4607, 255, 40, 'NOT_AVAILABLE'),
(4608, 255, 41, 'AVAILABLE'),
(4609, 255, 42, 'AVAILABLE'),
(4610, 255, 43, 'NOT_AVAILABLE'),
(4611, 255, 44, 'AVAILABLE'),
(4612, 255, 45, 'NOT_AVAILABLE'),
(4613, 255, 46, 'AVAILABLE'),
(4614, 255, 47, 'AVAILABLE'),
(4615, 255, 48, 'NOT_AVAILABLE'),
(4616, 255, 49, 'NOT_AVAILABLE'),
(4617, 255, 50, 'AVAILABLE'),
(4618, 255, 51, 'AVAILABLE'),
(4619, 255, 52, 'AVAILABLE'),
(4620, 255, 53, 'NOT_AVAILABLE'),
(4621, 255, 54, 'NOT_AVAILABLE'),
(4622, 255, 55, 'AVAILABLE'),
(4623, 255, 56, 'NOT_AVAILABLE'),
(4624, 255, 57, 'AVAILABLE'),
(4625, 255, 58, 'NOT_AVAILABLE'),
(4626, 255, 59, 'NOT_AVAILABLE'),
(4627, 255, 60, 'AVAILABLE'),
(4628, 255, 61, 'AVAILABLE'),
(4629, 255, 62, 'NOT_AVAILABLE'),
(4630, 255, 63, 'NOT_AVAILABLE'),
(4631, 255, 64, 'AVAILABLE'),
(4632, 255, 65, 'AVAILABLE'),
(4633, 255, 66, 'AVAILABLE'),
(4634, 255, 67, 'NOT_AVAILABLE'),
(4635, 255, 68, 'AVAILABLE'),
(4636, 255, 69, 'NOT_AVAILABLE'),
(4637, 255, 70, 'NOT_AVAILABLE'),
(4638, 255, 71, 'AVAILABLE'),
(4639, 255, 72, 'AVAILABLE'),
(4640, 255, 73, 'NOT_AVAILABLE'),
(4641, 255, 74, 'NOT_AVAILABLE'),
(4642, 255, 75, 'AVAILABLE'),
(4643, 255, 76, 'NOT_AVAILABLE'),
(4644, 255, 77, 'AVAILABLE'),
(4645, 255, 78, 'NOT_AVAILABLE'),
(4646, 255, 79, 'NOT_AVAILABLE'),
(4647, 255, 80, 'NOT_AVAILABLE'),
(4648, 255, 81, 'AVAILABLE'),
(4649, 255, 82, 'NOT_AVAILABLE'),
(4650, 255, 83, 'AVAILABLE'),
(4651, 255, 84, 'NOT_AVAILABLE'),
(4652, 255, 85, 'AVAILABLE'),
(4653, 255, 86, 'NOT_AVAILABLE'),
(4654, 255, 87, 'NOT_AVAILABLE'),
(4655, 255, 88, 'AVAILABLE'),
(4656, 255, 89, 'NOT_AVAILABLE'),
(4657, 255, 90, 'AVAILABLE'),
(4658, 255, 91, 'NOT_AVAILABLE'),
(4659, 255, 92, 'AVAILABLE'),
(4660, 255, 93, 'NOT_AVAILABLE'),
(4661, 255, 94, 'AVAILABLE'),
(4662, 255, 95, 'NOT_AVAILABLE'),
(4663, 255, 96, 'NOT_AVAILABLE'),
(4664, 255, 97, 'AVAILABLE'),
(4665, 255, 98, 'NOT_AVAILABLE'),
(4666, 255, 99, 'AVAILABLE'),
(4667, 255, 100, 'NOT_AVAILABLE'),
(4668, 255, 101, 'NOT_AVAILABLE'),
(4669, 255, 102, 'AVAILABLE'),
(4670, 255, 103, 'AVAILABLE'),
(4671, 255, 104, 'AVAILABLE'),
(4672, 255, 105, 'NOT_AVAILABLE'),
(4673, 255, 106, 'AVAILABLE'),
(4674, 255, 107, 'NOT_AVAILABLE'),
(4675, 255, 108, 'AVAILABLE'),
(4676, 255, 109, 'AVAILABLE'),
(4677, 255, 110, 'NOT_AVAILABLE'),
(4678, 255, 111, 'NOT_AVAILABLE'),
(4679, 255, 112, 'NOT_AVAILABLE'),
(4680, 255, 113, 'NOT_AVAILABLE'),
(4681, 255, 114, 'NOT_AVAILABLE'),
(4682, 255, 115, 'NOT_AVAILABLE'),
(4683, 255, 116, 'NOT_AVAILABLE'),
(4684, 255, 117, 'AVAILABLE'),
(4685, 255, 118, 'NOT_AVAILABLE'),
(4686, 255, 119, 'AVAILABLE'),
(4687, 256, 1, 'AVAILABLE'),
(4688, 256, 2, 'AVAILABLE'),
(4689, 256, 3, 'AVAILABLE'),
(4690, 256, 4, 'AVAILABLE'),
(4691, 256, 5, 'NOT_AVAILABLE'),
(4692, 256, 6, 'AVAILABLE'),
(4693, 256, 7, 'AVAILABLE'),
(4694, 256, 8, 'NOT_AVAILABLE'),
(4695, 256, 9, 'NOT_AVAILABLE'),
(4696, 256, 10, 'NOT_AVAILABLE'),
(4697, 256, 11, 'AVAILABLE'),
(4698, 256, 12, 'NOT_AVAILABLE'),
(4699, 256, 13, 'NOT_AVAILABLE'),
(4700, 256, 14, 'AVAILABLE'),
(4701, 256, 15, 'NOT_AVAILABLE'),
(4702, 256, 16, 'NOT_AVAILABLE'),
(4703, 256, 17, 'AVAILABLE'),
(4704, 256, 18, 'NOT_AVAILABLE'),
(4705, 256, 19, 'AVAILABLE'),
(4706, 256, 20, 'NOT_AVAILABLE'),
(4707, 256, 21, 'NOT_AVAILABLE'),
(4708, 256, 22, 'NOT_AVAILABLE'),
(4709, 256, 23, 'AVAILABLE'),
(4710, 256, 24, 'NOT_AVAILABLE'),
(4711, 256, 25, 'AVAILABLE'),
(4712, 256, 26, 'NOT_AVAILABLE'),
(4713, 256, 27, 'NOT_AVAILABLE'),
(4714, 256, 28, 'NOT_AVAILABLE'),
(4715, 256, 29, 'NOT_AVAILABLE'),
(4716, 256, 30, 'AVAILABLE'),
(4717, 256, 31, 'AVAILABLE'),
(4718, 256, 32, 'NOT_AVAILABLE'),
(4719, 256, 33, 'NOT_AVAILABLE'),
(4720, 256, 34, 'NOT_AVAILABLE'),
(4721, 256, 35, 'AVAILABLE'),
(4722, 256, 36, 'AVAILABLE'),
(4723, 256, 37, 'AVAILABLE'),
(4724, 256, 38, 'NOT_AVAILABLE'),
(4725, 256, 39, 'AVAILABLE'),
(4726, 256, 40, 'NOT_AVAILABLE'),
(4727, 256, 41, 'AVAILABLE'),
(4728, 256, 42, 'AVAILABLE'),
(4729, 256, 43, 'NOT_AVAILABLE'),
(4730, 256, 44, 'AVAILABLE'),
(4731, 256, 45, 'NOT_AVAILABLE'),
(4732, 256, 46, 'NOT_AVAILABLE'),
(4733, 256, 47, 'NOT_AVAILABLE'),
(4734, 256, 48, 'AVAILABLE'),
(4735, 256, 49, 'AVAILABLE'),
(4736, 256, 50, 'NOT_AVAILABLE'),
(4737, 256, 51, 'AVAILABLE'),
(4738, 256, 52, 'NOT_AVAILABLE'),
(4739, 256, 53, 'AVAILABLE'),
(4740, 256, 54, 'NOT_AVAILABLE'),
(4741, 256, 55, 'AVAILABLE'),
(4742, 256, 56, 'NOT_AVAILABLE'),
(4743, 256, 57, 'NOT_AVAILABLE'),
(4744, 256, 58, 'NOT_AVAILABLE'),
(4745, 256, 59, 'NOT_AVAILABLE'),
(4746, 256, 60, 'NOT_AVAILABLE'),
(4747, 256, 61, 'NOT_AVAILABLE'),
(4748, 256, 62, 'AVAILABLE'),
(4749, 256, 63, 'NOT_AVAILABLE'),
(4750, 256, 64, 'AVAILABLE'),
(4751, 256, 65, 'AVAILABLE'),
(4752, 256, 66, 'NOT_AVAILABLE'),
(4753, 256, 67, 'NOT_AVAILABLE'),
(4754, 256, 68, 'AVAILABLE'),
(4755, 256, 69, 'AVAILABLE'),
(4756, 256, 70, 'AVAILABLE'),
(4757, 256, 71, 'AVAILABLE'),
(4758, 256, 72, 'AVAILABLE'),
(4759, 256, 73, 'AVAILABLE'),
(4760, 256, 74, 'NOT_AVAILABLE'),
(4761, 256, 75, 'NOT_AVAILABLE'),
(4762, 256, 76, 'NOT_AVAILABLE'),
(4763, 256, 77, 'NOT_AVAILABLE'),
(4764, 256, 78, 'AVAILABLE'),
(4765, 256, 79, 'NOT_AVAILABLE'),
(4766, 256, 80, 'AVAILABLE'),
(4767, 256, 81, 'NOT_AVAILABLE'),
(4768, 256, 82, 'AVAILABLE'),
(4769, 256, 83, 'NOT_AVAILABLE'),
(4770, 256, 84, 'NOT_AVAILABLE'),
(4771, 256, 85, 'NOT_AVAILABLE'),
(4772, 256, 86, 'NOT_AVAILABLE'),
(4773, 256, 87, 'NOT_AVAILABLE'),
(4774, 256, 88, 'AVAILABLE'),
(4775, 256, 89, 'AVAILABLE'),
(4776, 256, 90, 'AVAILABLE'),
(4777, 256, 91, 'NOT_AVAILABLE'),
(4778, 256, 92, 'NOT_AVAILABLE'),
(4779, 256, 93, 'NOT_AVAILABLE'),
(4780, 256, 94, 'NOT_AVAILABLE'),
(4781, 256, 95, 'AVAILABLE'),
(4782, 256, 96, 'NOT_AVAILABLE'),
(4783, 256, 97, 'NOT_AVAILABLE'),
(4784, 256, 98, 'AVAILABLE'),
(4785, 256, 99, 'AVAILABLE'),
(4786, 256, 100, 'NOT_AVAILABLE'),
(4787, 256, 101, 'AVAILABLE'),
(4788, 256, 102, 'AVAILABLE'),
(4789, 256, 103, 'AVAILABLE'),
(4790, 256, 104, 'AVAILABLE'),
(4791, 256, 105, 'AVAILABLE'),
(4792, 256, 106, 'AVAILABLE'),
(4793, 256, 107, 'NOT_AVAILABLE'),
(4794, 256, 108, 'NOT_AVAILABLE'),
(4795, 256, 109, 'AVAILABLE'),
(4796, 256, 110, 'AVAILABLE'),
(4797, 256, 111, 'NOT_AVAILABLE'),
(4798, 256, 112, 'AVAILABLE'),
(4799, 256, 113, 'NOT_AVAILABLE'),
(4800, 256, 114, 'AVAILABLE'),
(4801, 256, 115, 'NOT_AVAILABLE'),
(4802, 256, 116, 'AVAILABLE'),
(4803, 256, 117, 'AVAILABLE'),
(4804, 256, 118, 'NOT_AVAILABLE'),
(4805, 256, 119, 'AVAILABLE');

-- --------------------------------------------------------

--
-- Table structure for table `sign`
--

CREATE TABLE IF NOT EXISTS `sign` (
  `id` int(11) NOT NULL,
  `supervisor_id` int(11) NOT NULL,
  `time` timestamp NOT NULL DEFAULT CURRENT_TIMESTAMP,
  `venue` varchar(30) NOT NULL,
  `signtype` varchar(30) NOT NULL
) ENGINE=InnoDB AUTO_INCREMENT=5 DEFAULT CHARSET=latin1;

--
-- Dumping data for table `sign`
--

INSERT INTO `sign` (`id`, `supervisor_id`, `time`, `venue`, `signtype`) VALUES
(1, 1, '2016-01-14 08:37:22', 'yih', 'in'),
(2, 1, '2016-01-14 08:37:55', 'yih', 'out'),
(3, 1, '2016-01-14 09:32:44', '', ''),
(4, 1, '2016-01-14 09:32:59', '', '');

-- --------------------------------------------------------

--
-- Table structure for table `tracking`
--

CREATE TABLE IF NOT EXISTS `tracking` (
  `month` int(11) NOT NULL,
  `year` int(11) NOT NULL,
  `indexNo` int(11) NOT NULL,
  `treasurer` int(11) NOT NULL,
  `comcen` int(11) NOT NULL
) ENGINE=InnoDB DEFAULT CHARSET=latin1;

--
-- Dumping data for table `tracking`
--

INSERT INTO `tracking` (`month`, `year`, `indexNo`, `treasurer`, `comcen`) VALUES
(1, 2014, 1, 1, -1),
(1, 2014, 2, 1, 1),
(1, 2014, 3, -1, 1),
(1, 2014, 4, -1, 1),
(1, 2014, 5, -1, 1),
(1, 2014, 6, 1, -1),
(1, 2015, 1, 1, -1),
(1, 2015, 2, 1, 1),
(1, 2015, 3, -1, 1),
(1, 2015, 4, -1, 1),
(1, 2015, 5, -1, 1),
(1, 2015, 6, 1, -1),
(2, 2014, 1, 1, -1),
(2, 2014, 2, 1, 1),
(2, 2014, 3, -1, 1),
(2, 2014, 4, -1, 1),
(2, 2014, 5, -1, 1),
(2, 2014, 6, 1, -1),
(2, 2015, 1, 1, -1),
(2, 2015, 2, 1, 1),
(2, 2015, 3, -1, 1),
(2, 2015, 4, -1, 1),
(2, 2015, 5, -1, 1),
(2, 2015, 6, 1, -1),
(3, 2014, 1, 1, -1),
(3, 2014, 2, 1, 1),
(3, 2014, 3, -1, 1),
(3, 2014, 4, -1, 1),
(3, 2014, 5, -1, 1),
(3, 2014, 6, 1, -1),
(3, 2015, 1, 1, -1),
(3, 2015, 2, 1, 1),
(3, 2015, 3, -1, 1),
(3, 2015, 4, -1, 1),
(3, 2015, 5, -1, 1),
(3, 2015, 6, 1, -1),
(4, 2014, 1, 1, -1),
(4, 2014, 2, 1, 1),
(4, 2014, 3, -1, 1),
(4, 2014, 4, -1, 1),
(4, 2014, 5, -1, 1),
(4, 2014, 6, 1, -1),
(4, 2015, 1, 0, -1),
(4, 2015, 2, 0, 0),
(4, 2015, 3, -1, 0),
(4, 2015, 4, -1, 0),
(4, 2015, 5, -1, 0),
(4, 2015, 6, 0, -1),
(5, 2014, 1, 1, -1),
(5, 2014, 2, 1, 1),
(5, 2014, 3, -1, 1),
(5, 2014, 4, -1, 1),
(5, 2014, 5, -1, 1),
(5, 2014, 6, 1, -1),
(6, 2014, 1, 1, -1),
(6, 2014, 2, 1, 1),
(6, 2014, 3, -1, 1),
(6, 2014, 4, -1, 1),
(6, 2014, 5, -1, 1),
(6, 2014, 6, 1, -1),
(7, 2014, 1, 1, -1),
(7, 2014, 2, 1, 1),
(7, 2014, 3, -1, 1),
(7, 2014, 4, -1, 1),
(7, 2014, 5, -1, 1),
(7, 2014, 6, 1, -1),
(8, 2014, 1, 1, -1),
(8, 2014, 2, 1, 1),
(8, 2014, 3, -1, 1),
(8, 2014, 4, -1, 1),
(8, 2014, 5, -1, 1),
(8, 2014, 6, 1, -1),
(9, 2014, 1, 1, -1),
(9, 2014, 2, 1, 1),
(9, 2014, 3, -1, 1),
(9, 2014, 4, -1, 1),
(9, 2014, 5, -1, 1),
(9, 2014, 6, 1, -1),
(10, 2014, 1, 1, -1),
(10, 2014, 2, 1, 1),
(10, 2014, 3, -1, 1),
(10, 2014, 4, -1, 1),
(10, 2014, 5, -1, 1),
(10, 2014, 6, 1, -1),
(11, 2014, 1, 1, -1),
(11, 2014, 2, 1, 1),
(11, 2014, 3, -1, 1),
(11, 2014, 4, -1, 1),
(11, 2014, 5, -1, 1),
(11, 2014, 6, 1, -1),
(12, 2014, 1, 1, -1),
(12, 2014, 2, 1, 1),
(12, 2014, 3, -1, 1),
(12, 2014, 4, -1, 1),
(12, 2014, 5, -1, 1),
(12, 2014, 6, 1, -1);

-- --------------------------------------------------------

--
-- Table structure for table `trackingdefault`
--

CREATE TABLE IF NOT EXISTS `trackingdefault` (
  `indexNo` int(11) NOT NULL,
  `progress` varchar(200) NOT NULL,
  `remark` varchar(200) NOT NULL,
  `treasurer` int(11) NOT NULL,
  `comcen` int(11) NOT NULL
) ENGINE=InnoDB AUTO_INCREMENT=7 DEFAULT CHARSET=latin1;

--
-- Dumping data for table `trackingdefault`
--

INSERT INTO `trackingdefault` (`indexNo`, `progress`, `remark`, `treasurer`, `comcen`) VALUES
(1, 'Processing by Treasurer', '', 0, -1),
(2, 'Submitted to NUS Computer Center', '', 0, 0),
(3, 'Checking by Ms Low Ya Ling (Management Assistant Officer for Administration of NUS Computer Center)', '', -1, 0),
(4, 'Requesting approval by higher authority', '', -1, 0),
(5, 'Submitted to OFS', '', -1, 0),
(6, 'Payment received', 'Supervisors to verify and report discrepancies within 5 days, No more report will be entertained', 0, -1);

-- --------------------------------------------------------

--
-- Table structure for table `users`
--

CREATE TABLE IF NOT EXISTS `users` (
  `id` int(11) NOT NULL,
  `name` varchar(40) NOT NULL,
  `matric_number` varchar(30) DEFAULT NULL,
  `contact` varchar(30) DEFAULT NULL COMMENT 'phone number',
  `password` varchar(60) NOT NULL,
  `email` varchar(50) NOT NULL DEFAULT '',
  `is_admin` tinyint(1) NOT NULL DEFAULT '0',
  `cell` varchar(24) NOT NULL DEFAULT 'none',
  `position` varchar(24) NOT NULL DEFAULT 'Subcom',
  `new_ann` int(11) NOT NULL DEFAULT '1',
  `status` int(1) NOT NULL DEFAULT '1' COMMENT 'activation status',
  `temp1` int(11) NOT NULL,
  `temp2` int(11) NOT NULL,
  `tracking` varchar(11) NOT NULL DEFAULT '0',
  `duty` int(11) NOT NULL DEFAULT '1',
  `notification` int(11) NOT NULL DEFAULT '0'
) ENGINE=InnoDB AUTO_INCREMENT=257 DEFAULT CHARSET=latin1;

--
-- Dumping data for table `users`
--

INSERT INTO `users` (`id`, `name`, `matric_number`, `contact`, `password`, `email`, `is_admin`, `cell`, `position`, `new_ann`, `status`, `temp1`, `temp2`, `tracking`, `duty`, `notification`) VALUES
(1, 'admin', 'imnotastudent', '67736398', '5baa61e4c9b93f3f0682250b6cf8331b7ee68fd8', 'nussucommit@mailinator.com', 1, 'technical', '', 47, 1, 0, 0, '0', 1, 0),
(2, 'mctest', '0', '911', '5baa61e4c9b93f3f0682250b6cf8331b7ee68fd8', 'commitech@mailinator.com', 0, 'Presidential', 'Treasurer', 30, 1, 1, 0, 'treasurer', 1, 1),
(3, 'nonmctest', '1', '911', '5baa61e4c9b93f3f0682250b6cf8331b7ee68fd8', 'nonmctest@mailinator.com', 0, 'Technical', 'Subcom', 23, 1, 1, 0, '0', 1, 1),
(248, 'comcen', NULL, NULL, '5baa61e4c9b93f3f0682250b6cf8331b7ee68fd8', '', 0, 'none', 'Subcom', 1, 1, 0, 0, 'comcen', 0, 0),
(249, 'nonmctest2', '2', '911', '5baa61e4c9b93f3f0682250b6cf8331b7ee68fd8', 'commitech@mailinator.com', 0, 'Marketing', 'Subcom', 1, 0, 0, 0, '0', 1, 0),
(250, 'admin2', 'dkajds', '212313', '9d4e1e23bd5b727046a9e3b4b7db57bd8d6ee684', 'ajsdkjsak@jdsakdjkas.com', 1, 'Presidential', 'Subcom', 1, 1, 0, 0, '0', 1, 0),
(251, 'test', 'test', '0912039', '637d1f5c6e6d1be22ed907eb3d223d858ca396d8', 'akuganteng@mailinator.com', 0, 'Marketing', 'Subcom', 1, 1, 0, 0, '0', 1, 0),
(252, 'mctest2', '21938902', '23801983', '5baa61e4c9b93f3f0682250b6cf8331b7ee68fd8', 'mctest2@mailinator.com', 0, 'Presidential', 'Manager', 1, 1, 0, 0, '0', 1, 0),
(253, 'mctest3', 'mctest3', '213983918', '5baa61e4c9b93f3f0682250b6cf8331b7ee68fd8', '01239029@98q20391803', 0, 'Presidential', 'Manager', 1, 1, 0, 0, '0', 1, 0),
(254, 'mctest4', 'djsaldj', 'lkdsajldjsalk', '5baa61e4c9b93f3f0682250b6cf8331b7ee68fd8', 'jslkdjaslk@lkjadlkjds', 0, 'Presidential', 'Manager', 1, 1, 0, 0, '0', 1, 0),
(255, 'nonmctest3', 'nonmctest3', '9281083', '5baa61e4c9b93f3f0682250b6cf8331b7ee68fd8', '99301398@mailinator.com', 0, 'Presidential', 'Subcom', 1, 1, 0, 0, '0', 1, 0),
(256, 'member', 'member', 'member', '5baa61e4c9b93f3f0682250b6cf8331b7ee68fd8', 'member@asdasjdlasjlkdjas', 0, 'Presidential', 'Subcom', 1, 1, 0, 0, '0', 1, 0);

--
-- Indexes for dumped tables
--

--
-- Indexes for table `announcement`
--
ALTER TABLE `announcement`
  ADD PRIMARY KEY (`id`);

--
-- Indexes for table `duty_dynamic`
--
ALTER TABLE `duty_dynamic`
  ADD PRIMARY KEY (`id`);

--
-- Indexes for table `duty_history`
--
ALTER TABLE `duty_history`
  ADD PRIMARY KEY (`id`),
  ADD KEY `duty_ibfk_3` (`leave_id`),
  ADD KEY `duty_ibfk_4` (`accept_id`);

--
-- Indexes for table `duty_schedule`
--
ALTER TABLE `duty_schedule`
  ADD PRIMARY KEY (`id`),
  ADD KEY `duty_schedule_ibfk_3` (`supervisor_cl`),
  ADD KEY `duty_schedule_ibfk_4` (`supervisor_yih`);

--
-- Indexes for table `grabbed_duty`
--
ALTER TABLE `grabbed_duty`
  ADD PRIMARY KEY (`id`);

--
-- Indexes for table `problems`
--
ALTER TABLE `problems`
  ADD PRIMARY KEY (`id`);

--
-- Indexes for table `released_duty`
--
ALTER TABLE `released_duty`
  ADD PRIMARY KEY (`id`);

--
-- Indexes for table `schedule_availability`
--
ALTER TABLE `schedule_availability`
  ADD PRIMARY KEY (`id`);

--
-- Indexes for table `sign`
--
ALTER TABLE `sign`
  ADD PRIMARY KEY (`id`);

--
-- Indexes for table `tracking`
--
ALTER TABLE `tracking`
  ADD PRIMARY KEY (`month`,`year`,`indexNo`);

--
-- Indexes for table `trackingdefault`
--
ALTER TABLE `trackingdefault`
  ADD PRIMARY KEY (`indexNo`);

--
-- Indexes for table `users`
--
ALTER TABLE `users`
  ADD PRIMARY KEY (`id`),
  ADD UNIQUE KEY `name` (`name`),
  ADD UNIQUE KEY `matric_number` (`matric_number`);

--
-- AUTO_INCREMENT for dumped tables
--

--
-- AUTO_INCREMENT for table `announcement`
--
ALTER TABLE `announcement`
  MODIFY `id` int(11) NOT NULL AUTO_INCREMENT,AUTO_INCREMENT=160;
--
-- AUTO_INCREMENT for table `duty_dynamic`
--
ALTER TABLE `duty_dynamic`
  MODIFY `id` int(11) NOT NULL AUTO_INCREMENT;
--
-- AUTO_INCREMENT for table `duty_history`
--
ALTER TABLE `duty_history`
  MODIFY `id` int(11) NOT NULL AUTO_INCREMENT;
--
-- AUTO_INCREMENT for table `duty_schedule`
--
ALTER TABLE `duty_schedule`
  MODIFY `id` int(11) NOT NULL AUTO_INCREMENT,AUTO_INCREMENT=120;
--
-- AUTO_INCREMENT for table `grabbed_duty`
--
ALTER TABLE `grabbed_duty`
  MODIFY `id` int(11) NOT NULL AUTO_INCREMENT;
--
-- AUTO_INCREMENT for table `problems`
--
ALTER TABLE `problems`
  MODIFY `id` int(11) NOT NULL AUTO_INCREMENT,AUTO_INCREMENT=58;
--
-- AUTO_INCREMENT for table `released_duty`
--
ALTER TABLE `released_duty`
  MODIFY `id` int(11) NOT NULL AUTO_INCREMENT,AUTO_INCREMENT=6;
--
-- AUTO_INCREMENT for table `schedule_availability`
--
ALTER TABLE `schedule_availability`
  MODIFY `id` int(11) NOT NULL AUTO_INCREMENT,AUTO_INCREMENT=4806;
--
-- AUTO_INCREMENT for table `sign`
--
ALTER TABLE `sign`
  MODIFY `id` int(11) NOT NULL AUTO_INCREMENT,AUTO_INCREMENT=5;
--
-- AUTO_INCREMENT for table `trackingdefault`
--
ALTER TABLE `trackingdefault`
  MODIFY `indexNo` int(11) NOT NULL AUTO_INCREMENT,AUTO_INCREMENT=7;
--
-- AUTO_INCREMENT for table `users`
--
ALTER TABLE `users`
  MODIFY `id` int(11) NOT NULL AUTO_INCREMENT,AUTO_INCREMENT=257;
/*!40101 SET CHARACTER_SET_CLIENT=@OLD_CHARACTER_SET_CLIENT */;
/*!40101 SET CHARACTER_SET_RESULTS=@OLD_CHARACTER_SET_RESULTS */;
/*!40101 SET COLLATION_CONNECTION=@OLD_COLLATION_CONNECTION */;
